id,lat,lng,category,source
potential-map2-0001,50.41507,-4.16149,undifferentiated,1940s-map
potential-map2-0002,50.41470,-4.16043,undifferentiated,1940s-map
potential-map2-0003,50.41425,-4.18514,undifferentiated,1940s-map
potential-map2-0004,50.41423,-4.13597,undifferentiated,1940s-map
potential-map2-0005,50.41407,-4.18635,undifferentiated,1940s-map
potential-map2-0006,50.41385,-4.18885,undifferentiated,1940s-map
potential-map2-0007,50.41376,-4.18502,undifferentiated,1940s-map
potential-map2-0008,50.41376,-4.13500,undifferentiated,1940s-map
potential-map2-0009,50.41380,-4.12437,undifferentiated,1940s-map
potential-map2-0010,50.41375,-4.12275,undifferentiated,1940s-map
potential-map2-0011,50.41340,-4.21418,undifferentiated,1940s-map
potential-map2-0012,50.41340,-4.18627,undifferentiated,1940s-map
potential-map2-0013,50.41329,-4.12532,undifferentiated,1940s-map
potential-map2-0014,50.41311,-4.18808,undifferentiated,1940s-map
potential-map2-0015,50.41296,-4.18362,undifferentiated,1940s-map
potential-map2-0016,50.41302,-4.13472,undifferentiated,1940s-map
potential-map2-0017,50.41282,-4.18474,undifferentiated,1940s-map
potential-map2-0018,50.41258,-4.18612,undifferentiated,1940s-map
potential-map2-0019,50.41254,-4.18333,undifferentiated,1940s-map
potential-map2-0020,50.41249,-4.18425,undifferentiated,1940s-map
potential-map2-0021,50.41232,-4.18700,undifferentiated,1940s-map
potential-map2-0022,50.41188,-4.18541,undifferentiated,1940s-map
potential-map2-0023,50.41196,-4.18431,undifferentiated,1940s-map
potential-map2-0024,50.41189,-4.14680,undifferentiated,1940s-map
potential-map2-0025,50.41177,-4.18630,undifferentiated,1940s-map
potential-map2-0026,50.41176,-4.18304,undifferentiated,1940s-map
potential-map2-0027,50.41146,-4.20777,undifferentiated,1940s-map
potential-map2-0028,50.41121,-4.18522,undifferentiated,1940s-map
potential-map2-0029,50.41122,-4.18452,undifferentiated,1940s-map
potential-map2-0030,50.41132,-4.15587,undifferentiated,1940s-map
potential-map2-0031,50.41116,-4.18275,undifferentiated,1940s-map
potential-map2-0032,50.41090,-4.18585,undifferentiated,1940s-map
potential-map2-0033,50.41053,-4.19738,undifferentiated,1940s-map
potential-map2-0034,50.41059,-4.18250,undifferentiated,1940s-map
potential-map2-0035,50.41046,-4.21696,undifferentiated,1940s-map
potential-map2-0036,50.41004,-4.18583,undifferentiated,1940s-map
potential-map2-0037,50.41035,-4.18583,undifferentiated,1940s-map
potential-map2-0038,50.41038,-4.14335,undifferentiated,1940s-map
potential-map2-0039,50.41007,-4.18652,undifferentiated,1940s-map
potential-map2-0040,50.40998,-4.19743,undifferentiated,1940s-map
potential-map2-0041,50.40999,-4.18241,undifferentiated,1940s-map
potential-map2-0042,50.40983,-4.18485,undifferentiated,1940s-map
potential-map2-0043,50.40967,-4.18365,undifferentiated,1940s-map
potential-map2-0044,50.40965,-4.14335,undifferentiated,1940s-map
potential-map2-0045,50.40949,-4.21665,undifferentiated,1940s-map
potential-map2-0046,50.40938,-4.18230,undifferentiated,1940s-map
potential-map2-0047,50.40920,-4.15088,undifferentiated,1940s-map
potential-map2-0048,50.40913,-4.13242,undifferentiated,1940s-map
potential-map2-0049,50.40878,-4.18216,undifferentiated,1940s-map
potential-map2-0050,50.40870,-4.21422,undifferentiated,1940s-map
potential-map2-0051,50.40869,-4.18375,undifferentiated,1940s-map
potential-map2-0052,50.40872,-4.13185,undifferentiated,1940s-map
potential-map2-0053,50.40843,-4.21518,undifferentiated,1940s-map
potential-map2-0054,50.40857,-4.14888,undifferentiated,1940s-map
potential-map2-0055,50.40854,-4.13098,undifferentiated,1940s-map
potential-map2-0056,50.40858,-4.12905,undifferentiated,1940s-map
potential-map2-0057,50.40844,-4.13309,undifferentiated,1940s-map
potential-map2-0058,50.40826,-4.15627,undifferentiated,1940s-map
potential-map2-0059,50.40829,-4.15340,undifferentiated,1940s-map
potential-map2-0060,50.40838,-4.10968,undifferentiated,1940s-map
potential-map2-0061,50.40816,-4.19794,undifferentiated,1940s-map
potential-map2-0062,50.40818,-4.18212,undifferentiated,1940s-map
potential-map2-0063,50.40822,-4.11791,undifferentiated,1940s-map
potential-map2-0064,50.40805,-4.13044,undifferentiated,1940s-map
potential-map2-0065,50.40809,-4.11065,undifferentiated,1940s-map
potential-map2-0066,50.40786,-4.21584,undifferentiated,1940s-map
potential-map2-0067,50.40721,-4.21068,undifferentiated,1940s-map
potential-map2-0068,50.40783,-4.21082,undifferentiated,1940s-map
potential-map2-0069,50.40745,-4.21029,undifferentiated,1940s-map
potential-map2-0070,50.40760,-4.21112,undifferentiated,1940s-map
potential-map2-0071,50.40739,-4.21094,undifferentiated,1940s-map
potential-map2-0072,50.40786,-4.19204,undifferentiated,1940s-map
potential-map2-0073,50.40748,-4.19219,undifferentiated,1940s-map
potential-map2-0074,50.40794,-4.19032,undifferentiated,1940s-map
potential-map2-0075,50.40778,-4.13330,undifferentiated,1940s-map
potential-map2-0076,50.40794,-4.12837,undifferentiated,1940s-map
potential-map2-0077,50.40781,-4.11160,undifferentiated,1940s-map
potential-map2-0078,50.40756,-4.18203,undifferentiated,1940s-map
potential-map2-0079,50.40767,-4.12967,undifferentiated,1940s-map
potential-map2-0080,50.40749,-4.15908,undifferentiated,1940s-map
potential-map2-0081,50.40747,-4.15746,undifferentiated,1940s-map
potential-map2-0082,50.40721,-4.21454,undifferentiated,1940s-map
potential-map2-0083,50.40736,-4.12037,undifferentiated,1940s-map
potential-map2-0084,50.40696,-4.18190,undifferentiated,1940s-map
potential-map2-0085,50.40707,-4.13339,undifferentiated,1940s-map
potential-map2-0086,50.40691,-4.21588,undifferentiated,1940s-map
potential-map2-0087,50.40691,-4.21493,undifferentiated,1940s-map
potential-map2-0088,50.40686,-4.21392,undifferentiated,1940s-map
potential-map2-0089,50.40679,-4.12269,undifferentiated,1940s-map
potential-map2-0090,50.40666,-4.19674,undifferentiated,1940s-map
potential-map2-0091,50.40671,-4.16081,undifferentiated,1940s-map
potential-map2-0092,50.40661,-4.15720,undifferentiated,1940s-map
potential-map2-0093,50.40669,-4.12814,undifferentiated,1940s-map
potential-map2-0094,50.40646,-4.15407,undifferentiated,1940s-map
potential-map2-0095,50.40647,-4.12144,undifferentiated,1940s-map
potential-map2-0096,50.40632,-4.18174,undifferentiated,1940s-map
potential-map2-0097,50.40629,-4.15202,undifferentiated,1940s-map
potential-map2-0098,50.40609,-4.15897,undifferentiated,1940s-map
potential-map2-0099,50.40587,-4.21072,undifferentiated,1940s-map
potential-map2-0100,50.40592,-4.15503,undifferentiated,1940s-map
potential-map2-0101,50.40571,-4.18150,undifferentiated,1940s-map
potential-map2-0102,50.40584,-4.13362,undifferentiated,1940s-map
potential-map2-0103,50.40573,-4.12357,undifferentiated,1940s-map
potential-map2-0104,50.40560,-4.12147,undifferentiated,1940s-map
potential-map2-0105,50.40563,-4.10834,undifferentiated,1940s-map
potential-map2-0106,50.40546,-4.11974,undifferentiated,1940s-map
potential-map2-0107,50.40540,-4.11803,undifferentiated,1940s-map
potential-map2-0108,50.40526,-4.17445,undifferentiated,1940s-map
potential-map2-0109,50.40531,-4.12934,undifferentiated,1940s-map
potential-map2-0110,50.40515,-4.18616,undifferentiated,1940s-map
potential-map2-0111,50.40512,-4.18132,undifferentiated,1940s-map
potential-map2-0112,50.40507,-4.19029,undifferentiated,1940s-map
potential-map2-0113,50.40498,-4.18539,undifferentiated,1940s-map
potential-map2-0114,50.40482,-4.19714,undifferentiated,1940s-map
potential-map2-0115,50.40489,-4.15700,undifferentiated,1940s-map
potential-map2-0116,50.40496,-4.12319,undifferentiated,1940s-map
potential-map2-0117,50.40454,-4.21173,undifferentiated,1940s-map
potential-map2-0118,50.40459,-4.15600,undifferentiated,1940s-map
potential-map2-0119,50.40464,-4.15381,undifferentiated,1940s-map
potential-map2-0120,50.40452,-4.18079,undifferentiated,1940s-map
potential-map2-0121,50.40449,-4.17906,undifferentiated,1940s-map
potential-map2-0122,50.40460,-4.12878,undifferentiated,1940s-map
potential-map2-0123,50.40447,-4.16076,undifferentiated,1940s-map
potential-map2-0124,50.40445,-4.13037,undifferentiated,1940s-map
potential-map2-0125,50.40434,-4.18537,undifferentiated,1940s-map
potential-map2-0126,50.40416,-4.15854,undifferentiated,1940s-map
potential-map2-0127,50.40393,-4.20716,undifferentiated,1940s-map
potential-map2-0128,50.40397,-4.19599,undifferentiated,1940s-map
potential-map2-0129,50.40397,-4.17307,undifferentiated,1940s-map
potential-map2-0130,50.40395,-4.16106,undifferentiated,1940s-map
potential-map2-0131,50.40392,-4.18037,undifferentiated,1940s-map
potential-map2-0132,50.40385,-4.17600,undifferentiated,1940s-map
potential-map2-0133,50.40371,-4.17899,undifferentiated,1940s-map
potential-map2-0134,50.40359,-4.17785,undifferentiated,1940s-map
potential-map2-0135,50.40345,-4.20692,undifferentiated,1940s-map
potential-map2-0136,50.40351,-4.20236,undifferentiated,1940s-map
potential-map2-0137,50.40341,-4.19590,undifferentiated,1940s-map
potential-map2-0138,50.40349,-4.15711,undifferentiated,1940s-map
potential-map2-0139,50.40349,-4.13255,undifferentiated,1940s-map
potential-map2-0140,50.40339,-4.12509,undifferentiated,1940s-map
potential-map2-0141,50.40323,-4.18239,undifferentiated,1940s-map
potential-map2-0142,50.40324,-4.15998,undifferentiated,1940s-map
potential-map2-0143,50.40325,-4.15446,undifferentiated,1940s-map
potential-map2-0144,50.40312,-4.17987,undifferentiated,1940s-map
potential-map2-0145,50.40303,-4.20636,undifferentiated,1940s-map
potential-map2-0146,50.40298,-4.17859,undifferentiated,1940s-map
potential-map2-0147,50.40292,-4.15794,undifferentiated,1940s-map
potential-map2-0148,50.40287,-4.12509,undifferentiated,1940s-map
potential-map2-0149,50.40273,-4.16133,undifferentiated,1940s-map
potential-map2-0150,50.40258,-4.18269,undifferentiated,1940s-map
potential-map2-0151,50.40256,-4.17995,undifferentiated,1940s-map
potential-map2-0152,50.40245,-4.20759,undifferentiated,1940s-map
potential-map2-0153,50.40243,-4.20185,undifferentiated,1940s-map
potential-map2-0154,50.40228,-4.19881,undifferentiated,1940s-map
potential-map2-0155,50.40202,-4.19874,undifferentiated,1940s-map
potential-map2-0156,50.40248,-4.19880,undifferentiated,1940s-map
potential-map2-0157,50.40252,-4.17736,undifferentiated,1940s-map
potential-map2-0158,50.40250,-4.17260,undifferentiated,1940s-map
potential-map2-0159,50.40244,-4.18603,undifferentiated,1940s-map
potential-map2-0160,50.40245,-4.17489,undifferentiated,1940s-map
potential-map2-0161,50.40242,-4.17365,undifferentiated,1940s-map
potential-map2-0162,50.40245,-4.15355,undifferentiated,1940s-map
potential-map2-0163,50.40252,-4.12615,undifferentiated,1940s-map
potential-map2-0164,50.40242,-4.15440,undifferentiated,1940s-map
potential-map2-0165,50.40212,-4.15409,undifferentiated,1940s-map
potential-map2-0166,50.40221,-4.19979,undifferentiated,1940s-map
potential-map2-0167,50.40232,-4.16040,undifferentiated,1940s-map
potential-map2-0168,50.40237,-4.13174,undifferentiated,1940s-map
potential-map2-0169,50.40218,-4.19769,undifferentiated,1940s-map
potential-map2-0170,50.40208,-4.19331,undifferentiated,1940s-map
potential-map2-0171,50.40220,-4.18481,undifferentiated,1940s-map
potential-map2-0172,50.40216,-4.15489,undifferentiated,1940s-map
potential-map2-0173,50.40219,-4.15085,undifferentiated,1940s-map
potential-map2-0174,50.40226,-4.13252,undifferentiated,1940s-map
potential-map2-0175,50.40229,-4.12309,undifferentiated,1940s-map
potential-map2-0176,50.40222,-4.12200,undifferentiated,1940s-map
potential-map2-0177,50.40203,-4.20718,undifferentiated,1940s-map
potential-map2-0178,50.40213,-4.17598,undifferentiated,1940s-map
potential-map2-0179,50.40210,-4.15942,undifferentiated,1940s-map
potential-map2-0180,50.40197,-4.18716,undifferentiated,1940s-map
potential-map2-0181,50.40199,-4.17320,undifferentiated,1940s-map
potential-map2-0182,50.40204,-4.17203,undifferentiated,1940s-map
potential-map2-0183,50.40202,-4.15818,undifferentiated,1940s-map
potential-map2-0184,50.40151,-4.19231,undifferentiated,1940s-map
potential-map2-0185,50.40177,-4.19272,undifferentiated,1940s-map
potential-map2-0186,50.40185,-4.15531,undifferentiated,1940s-map
potential-map2-0187,50.40189,-4.15306,undifferentiated,1940s-map
potential-map2-0188,50.40188,-4.13245,undifferentiated,1940s-map
potential-map2-0189,50.40169,-4.21134,undifferentiated,1940s-map
potential-map2-0190,50.40171,-4.18587,undifferentiated,1940s-map
potential-map2-0191,50.40172,-4.18344,undifferentiated,1940s-map
potential-map2-0192,50.40177,-4.15373,undifferentiated,1940s-map
potential-map2-0193,50.40179,-4.13142,undifferentiated,1940s-map
potential-map2-0194,50.40180,-4.12762,undifferentiated,1940s-map
potential-map2-0195,50.40178,-4.11006,undifferentiated,1940s-map
potential-map2-0196,50.40140,-4.21510,undifferentiated,1940s-map
potential-map2-0197,50.40153,-4.15471,undifferentiated,1940s-map
potential-map2-0198,50.40158,-4.15182,undifferentiated,1940s-map
potential-map2-0199,50.40146,-4.20420,undifferentiated,1940s-map
potential-map2-0200,50.40156,-4.12310,undifferentiated,1940s-map
potential-map2-0201,50.40153,-4.12200,undifferentiated,1940s-map
potential-map2-0202,50.40136,-4.21012,undifferentiated,1940s-map
potential-map2-0203,50.40136,-4.20521,undifferentiated,1940s-map
potential-map2-0204,50.40139,-4.18248,undifferentiated,1940s-map
potential-map2-0205,50.40140,-4.15033,undifferentiated,1940s-map
potential-map2-0206,50.40123,-4.20647,undifferentiated,1940s-map
potential-map2-0207,50.40114,-4.19825,undifferentiated,1940s-map
potential-map2-0208,50.40112,-4.15553,undifferentiated,1940s-map
potential-map2-0209,50.40093,-4.19191,undifferentiated,1940s-map
potential-map2-0210,50.40043,-4.19132,undifferentiated,1940s-map
potential-map2-0211,50.39992,-4.19082,undifferentiated,1940s-map
potential-map2-0212,50.40100,-4.10233,undifferentiated,1940s-map
potential-map2-0213,50.40105,-4.10098,undifferentiated,1940s-map
potential-map2-0214,50.40090,-4.12294,undifferentiated,1940s-map
potential-map2-0215,50.40069,-4.19815,undifferentiated,1940s-map
potential-map2-0216,50.40082,-4.12201,undifferentiated,1940s-map
potential-map2-0217,50.40023,-4.20806,undifferentiated,1940s-map
potential-map2-0218,50.40027,-4.09932,undifferentiated,1940s-map
potential-map2-0219,50.40004,-4.16878,undifferentiated,1940s-map
potential-map2-0220,50.40016,-4.12326,undifferentiated,1940s-map
potential-map2-0221,50.40014,-4.12212,undifferentiated,1940s-map
potential-map2-0222,50.40000,-4.12894,undifferentiated,1940s-map
potential-map2-0223,50.39987,-4.15018,undifferentiated,1940s-map
potential-map2-0224,50.39986,-4.14906,undifferentiated,1940s-map
potential-map2-0225,50.39970,-4.20780,undifferentiated,1940s-map
potential-map2-0226,50.39970,-4.17190,undifferentiated,1940s-map
potential-map2-0227,50.39969,-4.15126,undifferentiated,1940s-map
potential-map2-0228,50.39977,-4.11035,undifferentiated,1940s-map
potential-map2-0229,50.39941,-4.16784,undifferentiated,1940s-map
potential-map2-0230,50.39950,-4.11882,undifferentiated,1940s-map
potential-map2-0231,50.39940,-4.12309,undifferentiated,1940s-map
potential-map2-0232,50.39934,-4.11798,undifferentiated,1940s-map
potential-map2-0233,50.39916,-4.15011,undifferentiated,1940s-map
potential-map2-0234,50.39926,-4.12194,undifferentiated,1940s-map
potential-map2-0235,50.39911,-4.12967,undifferentiated,1940s-map
potential-map2-0236,50.39891,-4.17159,undifferentiated,1940s-map
potential-map2-0237,50.39883,-4.16677,undifferentiated,1940s-map
potential-map2-0238,50.39887,-4.15098,undifferentiated,1940s-map
potential-map2-0239,50.39890,-4.14645,undifferentiated,1940s-map
potential-map2-0240,50.39888,-4.13879,undifferentiated,1940s-map
potential-map2-0241,50.39882,-4.18945,undifferentiated,1940s-map
potential-map2-0242,50.39872,-4.11891,undifferentiated,1940s-map
potential-map2-0243,50.39850,-4.14983,undifferentiated,1940s-map
potential-map2-0244,50.39863,-4.12219,undifferentiated,1940s-map
potential-map2-0245,50.39845,-4.15072,undifferentiated,1940s-map
potential-map2-0246,50.39844,-4.13087,undifferentiated,1940s-map
potential-map2-0247,50.39842,-4.12355,undifferentiated,1940s-map
potential-map2-0248,50.39833,-4.14505,undifferentiated,1940s-map
potential-map2-0249,50.39814,-4.17194,undifferentiated,1940s-map
potential-map2-0250,50.39812,-4.17050,undifferentiated,1940s-map
potential-map2-0251,50.39807,-4.16898,undifferentiated,1940s-map
potential-map2-0252,50.39808,-4.15570,undifferentiated,1940s-map
potential-map2-0253,50.39801,-4.13239,undifferentiated,1940s-map
potential-map2-0254,50.39777,-4.18947,undifferentiated,1940s-map
potential-map2-0255,50.39788,-4.14667,undifferentiated,1940s-map
potential-map2-0256,50.39791,-4.11883,undifferentiated,1940s-map
potential-map2-0257,50.39773,-4.14145,undifferentiated,1940s-map
potential-map2-0258,50.39763,-4.18662,undifferentiated,1940s-map
potential-map2-0259,50.39742,-4.18582,undifferentiated,1940s-map
potential-map2-0260,50.39746,-4.10490,undifferentiated,1940s-map
potential-map2-0261,50.39728,-4.15397,undifferentiated,1940s-map
potential-map2-0262,50.39724,-4.14516,undifferentiated,1940s-map
potential-map2-0263,50.39712,-4.14437,undifferentiated,1940s-map
potential-map2-0264,50.39710,-4.11877,undifferentiated,1940s-map
potential-map2-0265,50.39679,-4.16994,undifferentiated,1940s-map
potential-map2-0266,50.39686,-4.13824,undifferentiated,1940s-map
potential-map2-0267,50.39640,-4.13745,undifferentiated,1940s-map
potential-map2-0268,50.39678,-4.13769,undifferentiated,1940s-map
potential-map2-0269,50.39673,-4.18568,undifferentiated,1940s-map
potential-map2-0270,50.39683,-4.14530,undifferentiated,1940s-map
potential-map2-0271,50.39667,-4.16306,undifferentiated,1940s-map
potential-map2-0272,50.39667,-4.13990,undifferentiated,1940s-map
potential-map2-0273,50.39654,-4.16441,undifferentiated,1940s-map
potential-map2-0274,50.39661,-4.13334,undifferentiated,1940s-map
potential-map2-0275,50.39643,-4.13380,undifferentiated,1940s-map
potential-map2-0276,50.39661,-4.11865,undifferentiated,1940s-map
potential-map2-0277,50.39668,-4.07707,undifferentiated,1940s-map
potential-map2-0278,50.39647,-4.14659,undifferentiated,1940s-map
potential-map2-0279,50.39634,-4.16584,undifferentiated,1940s-map
potential-map2-0280,50.39626,-4.17027,undifferentiated,1940s-map
potential-map2-0281,50.39635,-4.13866,undifferentiated,1940s-map
potential-map2-0282,50.39621,-4.15155,undifferentiated,1940s-map
potential-map2-0283,50.39623,-4.13490,undifferentiated,1940s-map
potential-map2-0284,50.39608,-4.18462,undifferentiated,1940s-map
potential-map2-0285,50.39619,-4.14549,undifferentiated,1940s-map
potential-map2-0286,50.39614,-4.13956,undifferentiated,1940s-map
potential-map2-0287,50.39616,-4.13654,undifferentiated,1940s-map
potential-map2-0288,50.39603,-4.14743,undifferentiated,1940s-map
potential-map2-0289,50.39605,-4.14250,undifferentiated,1940s-map
potential-map2-0290,50.39588,-4.17206,undifferentiated,1940s-map
potential-map2-0291,50.39601,-4.13565,undifferentiated,1940s-map
potential-map2-0292,50.39596,-4.13393,undifferentiated,1940s-map
potential-map2-0293,50.39588,-4.13275,undifferentiated,1940s-map
potential-map2-0294,50.39575,-4.17442,undifferentiated,1940s-map
potential-map2-0295,50.39576,-4.17323,undifferentiated,1940s-map
potential-map2-0296,50.39579,-4.14182,undifferentiated,1940s-map
potential-map2-0297,50.39585,-4.13467,undifferentiated,1940s-map
potential-map2-0298,50.39561,-4.16658,undifferentiated,1940s-map
potential-map2-0299,50.39579,-4.10877,undifferentiated,1940s-map
potential-map2-0300,50.39554,-4.17546,undifferentiated,1940s-map
potential-map2-0301,50.39563,-4.14087,undifferentiated,1940s-map
potential-map2-0302,50.39569,-4.13339,undifferentiated,1940s-map
potential-map2-0303,50.39543,-4.18355,undifferentiated,1940s-map
potential-map2-0304,50.39548,-4.16951,undifferentiated,1940s-map
potential-map2-0305,50.39553,-4.14654,undifferentiated,1940s-map
potential-map2-0306,50.39556,-4.14379,undifferentiated,1940s-map
potential-map2-0307,50.39552,-4.13524,undifferentiated,1940s-map
potential-map2-0308,50.39536,-4.18222,undifferentiated,1940s-map
potential-map2-0309,50.39535,-4.17670,undifferentiated,1940s-map
potential-map2-0310,50.39545,-4.14555,undifferentiated,1940s-map
potential-map2-0311,50.39543,-4.13984,undifferentiated,1940s-map
potential-map2-0312,50.39542,-4.13439,undifferentiated,1940s-map
potential-map2-0313,50.39526,-4.17229,undifferentiated,1940s-map
potential-map2-0314,50.39527,-4.16692,undifferentiated,1940s-map
potential-map2-0315,50.39536,-4.07697,undifferentiated,1940s-map
potential-map2-0316,50.39484,-4.16942,undifferentiated,1940s-map
potential-map2-0317,50.39496,-4.16853,undifferentiated,1940s-map
potential-map2-0318,50.39507,-4.16909,undifferentiated,1940s-map
potential-map2-0319,50.39526,-4.10801,undifferentiated,1940s-map
potential-map2-0320,50.39505,-4.17359,undifferentiated,1940s-map
potential-map2-0321,50.39503,-4.17048,undifferentiated,1940s-map
potential-map2-0322,50.39505,-4.15665,undifferentiated,1940s-map
potential-map2-0323,50.39502,-4.15207,undifferentiated,1940s-map
potential-map2-0324,50.39514,-4.12043,undifferentiated,1940s-map
potential-map2-0325,50.39510,-4.11904,undifferentiated,1940s-map
potential-map2-0326,50.39482,-4.16742,undifferentiated,1940s-map
potential-map2-0327,50.39487,-4.14649,undifferentiated,1940s-map
potential-map2-0328,50.39501,-4.07715,undifferentiated,1940s-map
potential-map2-0329,50.39464,-4.17821,undifferentiated,1940s-map
potential-map2-0330,50.39465,-4.17200,undifferentiated,1940s-map
potential-map2-0331,50.39471,-4.11842,undifferentiated,1940s-map
potential-map2-0332,50.39451,-4.18747,undifferentiated,1940s-map
potential-map2-0333,50.39459,-4.18278,undifferentiated,1940s-map
potential-map2-0334,50.39452,-4.16003,undifferentiated,1940s-map
potential-map2-0335,50.39452,-4.13744,undifferentiated,1940s-map
potential-map2-0336,50.39454,-4.11952,undifferentiated,1940s-map
potential-map2-0337,50.39439,-4.17046,undifferentiated,1940s-map
potential-map2-0338,50.39445,-4.14236,undifferentiated,1940s-map
potential-map2-0339,50.39430,-4.18370,undifferentiated,1940s-map
potential-map2-0340,50.39433,-4.17349,undifferentiated,1940s-map
potential-map2-0341,50.39430,-4.16865,undifferentiated,1940s-map
potential-map2-0342,50.39431,-4.16779,undifferentiated,1940s-map
potential-map2-0343,50.39397,-4.18113,undifferentiated,1940s-map
potential-map2-0344,50.39420,-4.18108,undifferentiated,1940s-map
potential-map2-0345,50.39422,-4.16634,undifferentiated,1940s-map
potential-map2-0346,50.39432,-4.11071,undifferentiated,1940s-map
potential-map2-0347,50.39417,-4.19595,undifferentiated,1940s-map
potential-map2-0348,50.39414,-4.17439,undifferentiated,1940s-map
potential-map2-0349,50.39406,-4.16996,undifferentiated,1940s-map
potential-map2-0350,50.39415,-4.11232,undifferentiated,1940s-map
potential-map2-0351,50.39397,-4.17904,undifferentiated,1940s-map
potential-map2-0352,50.39399,-4.16546,undifferentiated,1940s-map
potential-map2-0353,50.39398,-4.16135,undifferentiated,1940s-map
potential-map2-0354,50.39399,-4.13196,undifferentiated,1940s-map
potential-map2-0355,50.39404,-4.13133,undifferentiated,1940s-map
potential-map2-0356,50.39385,-4.18398,undifferentiated,1940s-map
potential-map2-0357,50.39381,-4.17978,undifferentiated,1940s-map
potential-map2-0358,50.39373,-4.18682,undifferentiated,1940s-map
potential-map2-0359,50.39378,-4.17535,undifferentiated,1940s-map
potential-map2-0360,50.39322,-4.16835,undifferentiated,1940s-map
potential-map2-0361,50.39238,-4.16834,undifferentiated,1940s-map
potential-map2-0362,50.39336,-4.16899,undifferentiated,1940s-map
potential-map2-0363,50.39345,-4.16755,undifferentiated,1940s-map
potential-map2-0364,50.39372,-4.16880,undifferentiated,1940s-map
potential-map2-0365,50.39267,-4.16867,undifferentiated,1940s-map
potential-map2-0366,50.39306,-4.16760,undifferentiated,1940s-map
potential-map2-0367,50.39352,-4.16820,undifferentiated,1940s-map
potential-map2-0368,50.39326,-4.16760,undifferentiated,1940s-map
potential-map2-0369,50.39297,-4.16892,undifferentiated,1940s-map
potential-map2-0370,50.39372,-4.15501,undifferentiated,1940s-map
potential-map2-0371,50.39374,-4.11154,undifferentiated,1940s-map
potential-map2-0372,50.39375,-4.09999,undifferentiated,1940s-map
potential-map2-0373,50.39363,-4.16952,undifferentiated,1940s-map
potential-map2-0374,50.39371,-4.10367,undifferentiated,1940s-map
potential-map2-0375,50.39347,-4.18436,undifferentiated,1940s-map
potential-map2-0376,50.39353,-4.10088,undifferentiated,1940s-map
potential-map2-0377,50.39299,-4.18640,undifferentiated,1940s-map
potential-map2-0378,50.39314,-4.11202,undifferentiated,1940s-map
potential-map2-0379,50.39315,-4.10211,undifferentiated,1940s-map
potential-map2-0380,50.39297,-4.17460,undifferentiated,1940s-map
potential-map2-0381,50.39297,-4.16983,undifferentiated,1940s-map
potential-map2-0382,50.39310,-4.10457,undifferentiated,1940s-map
potential-map2-0383,50.39315,-4.08491,undifferentiated,1940s-map
potential-map2-0384,50.39284,-4.17886,undifferentiated,1940s-map
potential-map2-0385,50.39262,-4.16730,undifferentiated,1940s-map
potential-map2-0386,50.39231,-4.16581,undifferentiated,1940s-map
potential-map2-0387,50.39266,-4.16656,undifferentiated,1940s-map
potential-map2-0388,50.39243,-4.16639,undifferentiated,1940s-map
potential-map2-0389,50.39266,-4.16581,undifferentiated,1940s-map
potential-map2-0390,50.39280,-4.16688,undifferentiated,1940s-map
potential-map2-0391,50.39270,-4.17665,undifferentiated,1940s-map
potential-map2-0392,50.39273,-4.13408,undifferentiated,1940s-map
potential-map2-0393,50.39286,-4.08673,undifferentiated,1940s-map
potential-map2-0394,50.39255,-4.18534,undifferentiated,1940s-map
potential-map2-0395,50.39260,-4.18350,undifferentiated,1940s-map
potential-map2-0396,50.39249,-4.18321,undifferentiated,1940s-map
potential-map2-0397,50.39258,-4.16962,undifferentiated,1940s-map
potential-map2-0398,50.39255,-4.15081,undifferentiated,1940s-map
potential-map2-0399,50.39263,-4.12525,undifferentiated,1940s-map
potential-map2-0400,50.39261,-4.11193,undifferentiated,1940s-map
potential-map2-0401,50.39231,-4.18439,undifferentiated,1940s-map
potential-map2-0402,50.39217,-4.17342,undifferentiated,1940s-map
potential-map2-0403,50.39225,-4.17239,undifferentiated,1940s-map
potential-map2-0404,50.39229,-4.17418,undifferentiated,1940s-map
potential-map2-0405,50.39205,-4.17391,undifferentiated,1940s-map
potential-map2-0406,50.39221,-4.17292,undifferentiated,1940s-map
potential-map2-0407,50.39234,-4.17135,undifferentiated,1940s-map
potential-map2-0408,50.39239,-4.15339,undifferentiated,1940s-map
potential-map2-0409,50.39225,-4.17039,undifferentiated,1940s-map
potential-map2-0410,50.39215,-4.18626,undifferentiated,1940s-map
potential-map2-0411,50.39218,-4.17621,undifferentiated,1940s-map
potential-map2-0412,50.39216,-4.16033,undifferentiated,1940s-map
potential-map2-0413,50.39224,-4.13258,undifferentiated,1940s-map
potential-map2-0414,50.39194,-4.16879,undifferentiated,1940s-map
potential-map2-0415,50.39177,-4.16956,undifferentiated,1940s-map
potential-map2-0416,50.39205,-4.16934,undifferentiated,1940s-map
potential-map2-0417,50.39149,-4.16911,undifferentiated,1940s-map
potential-map2-0418,50.39219,-4.10240,undifferentiated,1940s-map
potential-map2-0419,50.39220,-4.10164,undifferentiated,1940s-map
potential-map2-0420,50.39221,-4.10081,undifferentiated,1940s-map
potential-map2-0421,50.39221,-4.10007,undifferentiated,1940s-map
potential-map2-0422,50.39216,-4.09919,undifferentiated,1940s-map
potential-map2-0423,50.39216,-4.09745,undifferentiated,1940s-map
potential-map2-0424,50.39218,-4.09656,undifferentiated,1940s-map
potential-map2-0425,50.39217,-4.09574,undifferentiated,1940s-map
potential-map2-0426,50.39223,-4.08709,undifferentiated,1940s-map
potential-map2-0427,50.39194,-4.16688,undifferentiated,1940s-map
potential-map2-0428,50.39189,-4.16624,undifferentiated,1940s-map
potential-map2-0429,50.39196,-4.15669,undifferentiated,1940s-map
potential-map2-0430,50.39213,-4.09831,undifferentiated,1940s-map
potential-map2-0431,50.39214,-4.09494,undifferentiated,1940s-map
potential-map2-0432,50.39191,-4.18999,undifferentiated,1940s-map
potential-map2-0433,50.39185,-4.17035,undifferentiated,1940s-map
potential-map2-0434,50.39186,-4.16551,undifferentiated,1940s-map
potential-map2-0435,50.39198,-4.13669,undifferentiated,1940s-map
potential-map2-0436,50.39183,-4.16776,undifferentiated,1940s-map
potential-map2-0437,50.39185,-4.15135,undifferentiated,1940s-map
potential-map2-0438,50.39166,-4.18769,undifferentiated,1940s-map
potential-map2-0439,50.39173,-4.18521,undifferentiated,1940s-map
potential-map2-0440,50.39168,-4.18098,undifferentiated,1940s-map
potential-map2-0441,50.39166,-4.17424,undifferentiated,1940s-map
potential-map2-0442,50.39172,-4.16356,undifferentiated,1940s-map
potential-map2-0443,50.39174,-4.13016,undifferentiated,1940s-map
potential-map2-0444,50.39161,-4.18179,undifferentiated,1940s-map
potential-map2-0445,50.39168,-4.12912,undifferentiated,1940s-map
potential-map2-0446,50.39179,-4.08845,undifferentiated,1940s-map
potential-map2-0447,50.39148,-4.19226,undifferentiated,1940s-map
potential-map2-0448,50.39154,-4.18907,undifferentiated,1940s-map
potential-map2-0449,50.39152,-4.12823,undifferentiated,1940s-map
potential-map2-0450,50.39142,-4.17580,undifferentiated,1940s-map
potential-map2-0451,50.39148,-4.17043,undifferentiated,1940s-map
potential-map2-0452,50.39146,-4.15907,undifferentiated,1940s-map
potential-map2-0453,50.39133,-4.17325,undifferentiated,1940s-map
potential-map2-0454,50.39091,-4.13526,undifferentiated,1940s-map
potential-map2-0455,50.39081,-4.13645,undifferentiated,1940s-map
potential-map2-0456,50.39129,-4.13524,undifferentiated,1940s-map
potential-map2-0457,50.39096,-4.13619,undifferentiated,1940s-map
potential-map2-0458,50.39033,-4.13610,undifferentiated,1940s-map
potential-map2-0459,50.39107,-4.13476,undifferentiated,1940s-map
potential-map2-0460,50.39073,-4.13576,undifferentiated,1940s-map
potential-map2-0461,50.39055,-4.13710,undifferentiated,1940s-map
potential-map2-0462,50.39056,-4.13654,undifferentiated,1940s-map
potential-map2-0463,50.39107,-4.13581,undifferentiated,1940s-map
potential-map2-0464,50.39134,-4.12561,undifferentiated,1940s-map
potential-map2-0465,50.39114,-4.18214,undifferentiated,1940s-map
potential-map2-0466,50.39121,-4.17405,undifferentiated,1940s-map
potential-map2-0467,50.39110,-4.16828,undifferentiated,1940s-map
potential-map2-0468,50.39091,-4.19196,undifferentiated,1940s-map
potential-map2-0469,50.39105,-4.15509,undifferentiated,1940s-map
potential-map2-0470,50.39108,-4.12404,undifferentiated,1940s-map
potential-map2-0471,50.39096,-4.13073,undifferentiated,1940s-map
potential-map2-0472,50.39105,-4.11202,undifferentiated,1940s-map
potential-map2-0473,50.39080,-4.18613,undifferentiated,1940s-map
potential-map2-0474,50.39070,-4.17042,undifferentiated,1940s-map
potential-map2-0475,50.39079,-4.15373,undifferentiated,1940s-map
potential-map2-0476,50.39086,-4.11111,undifferentiated,1940s-map
potential-map2-0477,50.39043,-4.12682,undifferentiated,1940s-map
potential-map2-0478,50.39068,-4.12636,undifferentiated,1940s-map
potential-map2-0479,50.39062,-4.13005,undifferentiated,1940s-map
potential-map2-0480,50.39061,-4.12445,undifferentiated,1940s-map
potential-map2-0481,50.39042,-4.18580,undifferentiated,1940s-map
potential-map2-0482,50.39049,-4.17152,undifferentiated,1940s-map
potential-map2-0483,50.39050,-4.11848,undifferentiated,1940s-map
potential-map2-0484,50.39058,-4.10928,undifferentiated,1940s-map
potential-map2-0485,50.39035,-4.16274,undifferentiated,1940s-map
potential-map2-0486,50.39047,-4.12826,undifferentiated,1940s-map
potential-map2-0487,50.39026,-4.18429,undifferentiated,1940s-map
potential-map2-0488,50.39023,-4.18317,undifferentiated,1940s-map
potential-map2-0489,50.38997,-4.17096,undifferentiated,1940s-map
potential-map2-0490,50.39026,-4.17084,undifferentiated,1940s-map
potential-map2-0491,50.38983,-4.17120,undifferentiated,1940s-map
potential-map2-0492,50.39026,-4.16991,undifferentiated,1940s-map
potential-map2-0493,50.39041,-4.07555,undifferentiated,1940s-map
potential-map2-0494,50.39019,-4.16498,undifferentiated,1940s-map
potential-map2-0495,50.39025,-4.15537,undifferentiated,1940s-map
potential-map2-0496,50.39028,-4.13146,undifferentiated,1940s-map
potential-map2-0497,50.39013,-4.17579,undifferentiated,1940s-map
potential-map2-0498,50.39015,-4.12771,undifferentiated,1940s-map
potential-map2-0499,50.38967,-4.12601,undifferentiated,1940s-map
potential-map2-0500,50.38985,-4.12639,undifferentiated,1940s-map
potential-map2-0501,50.39015,-4.12616,undifferentiated,1940s-map
potential-map2-0502,50.38989,-4.12676,undifferentiated,1940s-map
potential-map2-0503,50.38997,-4.17836,undifferentiated,1940s-map
potential-map2-0504,50.39000,-4.15438,undifferentiated,1940s-map
potential-map2-0505,50.39003,-4.12535,undifferentiated,1940s-map
potential-map2-0506,50.39012,-4.07850,undifferentiated,1940s-map
potential-map2-0507,50.39018,-4.07681,undifferentiated,1940s-map
potential-map2-0508,50.38989,-4.16913,undifferentiated,1940s-map
potential-map2-0509,50.38994,-4.13078,undifferentiated,1940s-map
potential-map2-0510,50.38902,-4.17280,undifferentiated,1940s-map
potential-map2-0511,50.38879,-4.17185,undifferentiated,1940s-map
potential-map2-0512,50.38981,-4.17289,undifferentiated,1940s-map
potential-map2-0513,50.38947,-4.17233,undifferentiated,1940s-map
potential-map2-0514,50.38896,-4.17138,undifferentiated,1940s-map
potential-map2-0515,50.38920,-4.17223,undifferentiated,1940s-map
potential-map2-0516,50.38892,-4.17232,undifferentiated,1940s-map
potential-map2-0517,50.38946,-4.17286,undifferentiated,1940s-map
potential-map2-0518,50.38976,-4.18215,undifferentiated,1940s-map
potential-map2-0519,50.38972,-4.17781,undifferentiated,1940s-map
potential-map2-0520,50.38976,-4.16991,undifferentiated,1940s-map
potential-map2-0521,50.38994,-4.07619,undifferentiated,1940s-map
potential-map2-0522,50.38964,-4.18130,undifferentiated,1940s-map
potential-map2-0523,50.38965,-4.17645,undifferentiated,1940s-map
potential-map2-0524,50.38934,-4.17585,undifferentiated,1940s-map
potential-map2-0525,50.38963,-4.17548,undifferentiated,1940s-map
potential-map2-0526,50.38969,-4.17388,undifferentiated,1940s-map
potential-map2-0527,50.38915,-4.18007,undifferentiated,1940s-map
potential-map2-0528,50.38952,-4.17978,undifferentiated,1940s-map
potential-map2-0529,50.38945,-4.17831,undifferentiated,1940s-map
potential-map2-0530,50.38940,-4.17155,undifferentiated,1940s-map
potential-map2-0531,50.38933,-4.17706,undifferentiated,1940s-map
potential-map2-0532,50.38932,-4.17387,undifferentiated,1940s-map
potential-map2-0533,50.38952,-4.07204,undifferentiated,1940s-map
potential-map2-0534,50.38908,-4.18179,undifferentiated,1940s-map
potential-map2-0535,50.38906,-4.17857,undifferentiated,1940s-map
potential-map2-0536,50.38921,-4.07824,undifferentiated,1940s-map
potential-map2-0537,50.38926,-4.07764,undifferentiated,1940s-map
potential-map2-0538,50.38897,-4.12720,undifferentiated,1940s-map
potential-map2-0539,50.38902,-4.12610,undifferentiated,1940s-map
potential-map2-0540,50.38907,-4.10539,undifferentiated,1940s-map
potential-map2-0541,50.38879,-4.17975,undifferentiated,1940s-map
potential-map2-0542,50.38887,-4.12824,undifferentiated,1940s-map
potential-map2-0543,50.38873,-4.17739,undifferentiated,1940s-map
potential-map2-0544,50.38859,-4.15583,undifferentiated,1940s-map
potential-map2-0545,50.38810,-4.15510,undifferentiated,1940s-map
potential-map2-0546,50.38870,-4.15632,undifferentiated,1940s-map
potential-map2-0547,50.38843,-4.15524,undifferentiated,1940s-map
potential-map2-0548,50.38887,-4.07779,undifferentiated,1940s-map
potential-map2-0549,50.38854,-4.18054,undifferentiated,1940s-map
potential-map2-0550,50.38867,-4.10762,undifferentiated,1940s-map
potential-map2-0551,50.38846,-4.16491,undifferentiated,1940s-map
potential-map2-0552,50.38848,-4.16000,undifferentiated,1940s-map
potential-map2-0553,50.38859,-4.11504,undifferentiated,1940s-map
potential-map2-0554,50.38837,-4.17941,undifferentiated,1940s-map
potential-map2-0555,50.38842,-4.15798,undifferentiated,1940s-map
potential-map2-0556,50.38845,-4.11845,undifferentiated,1940s-map
potential-map2-0557,50.38849,-4.11779,undifferentiated,1940s-map
potential-map2-0558,50.38831,-4.17469,undifferentiated,1940s-map
potential-map2-0559,50.38830,-4.17272,undifferentiated,1940s-map
potential-map2-0560,50.38833,-4.16629,undifferentiated,1940s-map
potential-map2-0561,50.38828,-4.16156,undifferentiated,1940s-map
potential-map2-0562,50.38842,-4.07826,undifferentiated,1940s-map
potential-map2-0563,50.38824,-4.18409,undifferentiated,1940s-map
potential-map2-0564,50.38811,-4.18431,undifferentiated,1940s-map
potential-map2-0565,50.38832,-4.11210,undifferentiated,1940s-map
potential-map2-0566,50.38821,-4.12606,undifferentiated,1940s-map
potential-map2-0567,50.38820,-4.10933,undifferentiated,1940s-map
potential-map2-0568,50.38804,-4.18196,undifferentiated,1940s-map
potential-map2-0569,50.38806,-4.13290,undifferentiated,1940s-map
potential-map2-0570,50.38795,-4.17204,undifferentiated,1940s-map
potential-map2-0571,50.38798,-4.16043,undifferentiated,1940s-map
potential-map2-0572,50.38802,-4.11774,undifferentiated,1940s-map
potential-map2-0573,50.38747,-4.18509,undifferentiated,1940s-map
potential-map2-0574,50.38770,-4.18533,undifferentiated,1940s-map
potential-map2-0575,50.38781,-4.18564,undifferentiated,1940s-map
potential-map2-0576,50.38728,-4.18560,undifferentiated,1940s-map
potential-map2-0577,50.38789,-4.17376,undifferentiated,1940s-map
potential-map2-0578,50.38795,-4.10319,undifferentiated,1940s-map
potential-map2-0579,50.38766,-4.18381,undifferentiated,1940s-map
potential-map2-0580,50.38764,-4.16966,undifferentiated,1940s-map
potential-map2-0581,50.38776,-4.13044,undifferentiated,1940s-map
potential-map2-0582,50.38780,-4.11843,undifferentiated,1940s-map
potential-map2-0583,50.38777,-4.08725,undifferentiated,1940s-map
potential-map2-0584,50.38763,-4.17727,undifferentiated,1940s-map
potential-map2-0585,50.38764,-4.16471,undifferentiated,1940s-map
potential-map2-0586,50.38767,-4.13331,undifferentiated,1940s-map
potential-map2-0587,50.38764,-4.11662,undifferentiated,1940s-map
potential-map2-0588,50.38767,-4.11482,undifferentiated,1940s-map
potential-map2-0589,50.38770,-4.11024,undifferentiated,1940s-map
potential-map2-0590,50.38752,-4.17506,undifferentiated,1940s-map
potential-map2-0591,50.38741,-4.18031,undifferentiated,1940s-map
potential-map2-0592,50.38735,-4.17434,undifferentiated,1940s-map
potential-map2-0593,50.38744,-4.17125,undifferentiated,1940s-map
potential-map2-0594,50.38741,-4.14306,undifferentiated,1940s-map
potential-map2-0595,50.38749,-4.11357,undifferentiated,1940s-map
potential-map2-0596,50.38749,-4.10830,undifferentiated,1940s-map
potential-map2-0597,50.38741,-4.14234,undifferentiated,1940s-map
potential-map2-0598,50.38739,-4.13265,undifferentiated,1940s-map
potential-map2-0599,50.38743,-4.11724,undifferentiated,1940s-map
potential-map2-0600,50.38741,-4.11259,undifferentiated,1940s-map
potential-map2-0601,50.38715,-4.18653,undifferentiated,1940s-map
potential-map2-0602,50.38724,-4.16440,undifferentiated,1940s-map
potential-map2-0603,50.38715,-4.16348,undifferentiated,1940s-map
potential-map2-0604,50.38726,-4.08624,undifferentiated,1940s-map
potential-map2-0605,50.38700,-4.18114,undifferentiated,1940s-map
potential-map2-0606,50.38707,-4.17984,undifferentiated,1940s-map
potential-map2-0607,50.38710,-4.16263,undifferentiated,1940s-map
potential-map2-0608,50.38717,-4.11626,undifferentiated,1940s-map
potential-map2-0609,50.38700,-4.17216,undifferentiated,1940s-map
potential-map2-0610,50.38710,-4.09040,undifferentiated,1940s-map
potential-map2-0611,50.38684,-4.18799,undifferentiated,1940s-map
potential-map2-0612,50.38688,-4.15077,undifferentiated,1940s-map
potential-map2-0613,50.38694,-4.13147,undifferentiated,1940s-map
potential-map2-0614,50.38694,-4.11111,undifferentiated,1940s-map
potential-map2-0615,50.38679,-4.17380,undifferentiated,1940s-map
potential-map2-0616,50.38679,-4.16120,undifferentiated,1940s-map
potential-map2-0617,50.38683,-4.14276,undifferentiated,1940s-map
potential-map2-0618,50.38664,-4.18196,undifferentiated,1940s-map
potential-map2-0619,50.38670,-4.17260,undifferentiated,1940s-map
potential-map2-0620,50.38661,-4.17180,undifferentiated,1940s-map
potential-map2-0621,50.38662,-4.17015,undifferentiated,1940s-map
potential-map2-0622,50.38657,-4.16909,undifferentiated,1940s-map
potential-map2-0623,50.38667,-4.15198,undifferentiated,1940s-map
potential-map2-0624,50.38671,-4.08753,undifferentiated,1940s-map
potential-map2-0625,50.38651,-4.14535,undifferentiated,1940s-map
potential-map2-0626,50.38651,-4.14412,undifferentiated,1940s-map
potential-map2-0627,50.38663,-4.12358,undifferentiated,1940s-map
potential-map2-0628,50.38664,-4.11602,undifferentiated,1940s-map
potential-map2-0629,50.38644,-4.17680,undifferentiated,1940s-map
potential-map2-0630,50.38638,-4.17088,undifferentiated,1940s-map
potential-map2-0631,50.38603,-4.17056,undifferentiated,1940s-map
potential-map2-0632,50.38638,-4.16287,undifferentiated,1940s-map
potential-map2-0633,50.38648,-4.12264,undifferentiated,1940s-map
potential-map2-0634,50.38628,-4.17897,undifferentiated,1940s-map
potential-map2-0635,50.38632,-4.17764,undifferentiated,1940s-map
potential-map2-0636,50.38629,-4.17604,undifferentiated,1940s-map
potential-map2-0637,50.38635,-4.17495,undifferentiated,1940s-map
potential-map2-0638,50.38634,-4.16443,undifferentiated,1940s-map
potential-map2-0639,50.38630,-4.16362,undifferentiated,1940s-map
potential-map2-0640,50.38637,-4.07878,undifferentiated,1940s-map
potential-map2-0641,50.38620,-4.17300,undifferentiated,1940s-map
potential-map2-0642,50.38620,-4.16996,undifferentiated,1940s-map
potential-map2-0643,50.38529,-4.16842,undifferentiated,1940s-map
potential-map2-0644,50.38613,-4.16867,undifferentiated,1940s-map
potential-map2-0645,50.38587,-4.16865,undifferentiated,1940s-map
potential-map2-0646,50.38589,-4.16920,undifferentiated,1940s-map
potential-map2-0647,50.38568,-4.16840,undifferentiated,1940s-map
potential-map2-0648,50.38615,-4.14600,undifferentiated,1940s-map
potential-map2-0649,50.38626,-4.13158,undifferentiated,1940s-map
potential-map2-0650,50.38623,-4.11076,undifferentiated,1940s-map
potential-map2-0651,50.38596,-4.10639,undifferentiated,1940s-map
potential-map2-0652,50.38627,-4.10667,undifferentiated,1940s-map
potential-map2-0653,50.38627,-4.10552,undifferentiated,1940s-map
potential-map2-0654,50.38607,-4.18699,undifferentiated,1940s-map
potential-map2-0655,50.38603,-4.17682,undifferentiated,1940s-map
potential-map2-0656,50.38608,-4.15386,undifferentiated,1940s-map
potential-map2-0657,50.38614,-4.14692,undifferentiated,1940s-map
potential-map2-0658,50.38587,-4.16030,undifferentiated,1940s-map
potential-map2-0659,50.38600,-4.16091,undifferentiated,1940s-map
potential-map2-0660,50.38594,-4.15957,undifferentiated,1940s-map
potential-map2-0661,50.38599,-4.15792,undifferentiated,1940s-map
potential-map2-0662,50.38600,-4.15037,undifferentiated,1940s-map
potential-map2-0663,50.38613,-4.08868,undifferentiated,1940s-map
potential-map2-0664,50.38590,-4.18122,undifferentiated,1940s-map
potential-map2-0665,50.38587,-4.16639,undifferentiated,1940s-map
potential-map2-0666,50.38592,-4.16248,undifferentiated,1940s-map
potential-map2-0667,50.38593,-4.14450,undifferentiated,1940s-map
potential-map2-0668,50.38600,-4.11575,undifferentiated,1940s-map
potential-map2-0669,50.38600,-4.08988,undifferentiated,1940s-map
potential-map2-0670,50.38577,-4.16343,undifferentiated,1940s-map
potential-map2-0671,50.38539,-4.16344,undifferentiated,1940s-map
potential-map2-0672,50.38586,-4.12682,undifferentiated,1940s-map
potential-map2-0673,50.38588,-4.12578,undifferentiated,1940s-map
potential-map2-0674,50.38586,-4.11921,undifferentiated,1940s-map
potential-map2-0675,50.38556,-4.11890,undifferentiated,1940s-map
potential-map2-0676,50.38541,-4.18557,undifferentiated,1940s-map
potential-map2-0677,50.38567,-4.18530,undifferentiated,1940s-map
potential-map2-0678,50.38571,-4.18450,undifferentiated,1940s-map
potential-map2-0679,50.38573,-4.17488,undifferentiated,1940s-map
potential-map2-0680,50.38568,-4.15547,undifferentiated,1940s-map
potential-map2-0681,50.38577,-4.15119,undifferentiated,1940s-map
potential-map2-0682,50.38582,-4.10752,undifferentiated,1940s-map
potential-map2-0683,50.38584,-4.07979,undifferentiated,1940s-map
potential-map2-0684,50.38555,-4.17907,undifferentiated,1940s-map
potential-map2-0685,50.38561,-4.15187,undifferentiated,1940s-map
potential-map2-0686,50.38540,-4.18638,undifferentiated,1940s-map
potential-map2-0687,50.38543,-4.18150,undifferentiated,1940s-map
potential-map2-0688,50.38547,-4.16741,undifferentiated,1940s-map
potential-map2-0689,50.38545,-4.16242,undifferentiated,1940s-map
potential-map2-0690,50.38546,-4.15986,undifferentiated,1940s-map
potential-map2-0691,50.38550,-4.12267,undifferentiated,1940s-map
potential-map2-0692,50.38535,-4.18350,undifferentiated,1940s-map
potential-map2-0693,50.38531,-4.17997,undifferentiated,1940s-map
potential-map2-0694,50.38436,-4.17658,undifferentiated,1940s-map
potential-map2-0695,50.38492,-4.17608,undifferentiated,1940s-map
potential-map2-0696,50.38519,-4.17675,undifferentiated,1940s-map
potential-map2-0697,50.38531,-4.17625,undifferentiated,1940s-map
potential-map2-0698,50.38431,-4.17716,undifferentiated,1940s-map
potential-map2-0699,50.38468,-4.17641,undifferentiated,1940s-map
potential-map2-0700,50.38510,-4.17578,undifferentiated,1940s-map
potential-map2-0701,50.38535,-4.16529,undifferentiated,1940s-map
potential-map2-0702,50.38546,-4.12359,undifferentiated,1940s-map
potential-map2-0703,50.38545,-4.09743,undifferentiated,1940s-map
potential-map2-0704,50.38526,-4.16986,undifferentiated,1940s-map
potential-map2-0705,50.38523,-4.16609,undifferentiated,1940s-map
potential-map2-0706,50.38528,-4.16452,undifferentiated,1940s-map
potential-map2-0707,50.38518,-4.16093,undifferentiated,1940s-map
potential-map2-0708,50.38502,-4.16151,undifferentiated,1940s-map
potential-map2-0709,50.38530,-4.14506,undifferentiated,1940s-map
potential-map2-0710,50.38537,-4.12619,undifferentiated,1940s-map
potential-map2-0711,50.38537,-4.11951,undifferentiated,1940s-map
potential-map2-0712,50.38537,-4.10744,undifferentiated,1940s-map
potential-map2-0713,50.38507,-4.17198,undifferentiated,1940s-map
potential-map2-0714,50.38513,-4.17144,undifferentiated,1940s-map
potential-map2-0715,50.38520,-4.17069,undifferentiated,1940s-map
potential-map2-0716,50.38517,-4.15873,undifferentiated,1940s-map
potential-map2-0717,50.38522,-4.14423,undifferentiated,1940s-map
potential-map2-0718,50.38523,-4.12203,undifferentiated,1940s-map
potential-map2-0719,50.38528,-4.12104,undifferentiated,1940s-map
potential-map2-0720,50.38528,-4.10642,undifferentiated,1940s-map
potential-map2-0721,50.38526,-4.09559,undifferentiated,1940s-map
potential-map2-0722,50.38443,-4.17844,undifferentiated,1940s-map
potential-map2-0723,50.38495,-4.17891,undifferentiated,1940s-map
potential-map2-0724,50.38512,-4.17915,undifferentiated,1940s-map
potential-map2-0725,50.38473,-4.17873,undifferentiated,1940s-map
potential-map2-0726,50.38469,-4.16946,undifferentiated,1940s-map
potential-map2-0727,50.38502,-4.16923,undifferentiated,1940s-map
potential-map2-0728,50.38502,-4.15147,undifferentiated,1940s-map
potential-map2-0729,50.38502,-4.12270,undifferentiated,1940s-map
potential-map2-0730,50.38489,-4.18590,undifferentiated,1940s-map
potential-map2-0731,50.38493,-4.18101,undifferentiated,1940s-map
potential-map2-0732,50.38492,-4.17370,undifferentiated,1940s-map
potential-map2-0733,50.38486,-4.16734,undifferentiated,1940s-map
potential-map2-0734,50.38482,-4.17712,undifferentiated,1940s-map
potential-map2-0735,50.38484,-4.17019,undifferentiated,1940s-map
potential-map2-0736,50.38491,-4.11480,undifferentiated,1940s-map
potential-map2-0737,50.38471,-4.17456,undifferentiated,1940s-map
potential-map2-0738,50.38456,-4.17206,undifferentiated,1940s-map
potential-map2-0739,50.38405,-4.17311,undifferentiated,1940s-map
potential-map2-0740,50.38472,-4.17098,undifferentiated,1940s-map
potential-map2-0741,50.38463,-4.17157,undifferentiated,1940s-map
potential-map2-0742,50.38471,-4.17273,undifferentiated,1940s-map
potential-map2-0743,50.38401,-4.17253,undifferentiated,1940s-map
potential-map2-0744,50.38418,-4.17371,undifferentiated,1940s-map
potential-map2-0745,50.38430,-4.17260,undifferentiated,1940s-map
potential-map2-0746,50.38454,-4.17246,undifferentiated,1940s-map
potential-map2-0747,50.38474,-4.16645,undifferentiated,1940s-map
potential-map2-0748,50.38482,-4.10505,undifferentiated,1940s-map
potential-map2-0749,50.38440,-4.16385,undifferentiated,1940s-map
potential-map2-0750,50.38428,-4.16308,undifferentiated,1940s-map
potential-map2-0751,50.38468,-4.16547,undifferentiated,1940s-map
potential-map2-0752,50.38396,-4.16369,undifferentiated,1940s-map
potential-map2-0753,50.38462,-4.16489,undifferentiated,1940s-map
potential-map2-0754,50.38428,-4.16359,undifferentiated,1940s-map
potential-map2-0755,50.38447,-4.16259,undifferentiated,1940s-map
potential-map2-0756,50.38441,-4.16434,undifferentiated,1940s-map
potential-map2-0757,50.38457,-4.17936,undifferentiated,1940s-map
potential-map2-0758,50.38461,-4.13399,undifferentiated,1940s-map
potential-map2-0759,50.38463,-4.12160,undifferentiated,1940s-map
potential-map2-0760,50.38463,-4.11870,undifferentiated,1940s-map
potential-map2-0761,50.38465,-4.10393,undifferentiated,1940s-map
potential-map2-0762,50.38443,-4.18541,undifferentiated,1940s-map
potential-map2-0763,50.38448,-4.15114,undifferentiated,1940s-map
potential-map2-0764,50.38452,-4.10619,undifferentiated,1940s-map
potential-map2-0765,50.38455,-4.08937,undifferentiated,1940s-map
potential-map2-0766,50.38458,-4.08867,undifferentiated,1940s-map
potential-map2-0767,50.38453,-4.08833,undifferentiated,1940s-map
potential-map2-0768,50.38438,-4.16819,undifferentiated,1940s-map
potential-map2-0769,50.38439,-4.12242,undifferentiated,1940s-map
potential-map2-0770,50.38439,-4.11954,undifferentiated,1940s-map
potential-map2-0771,50.38424,-4.17522,undifferentiated,1940s-map
potential-map2-0772,50.38373,-4.15810,undifferentiated,1940s-map
potential-map2-0773,50.38407,-4.15802,undifferentiated,1940s-map
potential-map2-0774,50.38347,-4.15878,undifferentiated,1940s-map
potential-map2-0775,50.38430,-4.15848,undifferentiated,1940s-map
potential-map2-0776,50.38358,-4.15844,undifferentiated,1940s-map
potential-map2-0777,50.38433,-4.14951,undifferentiated,1940s-map
potential-map2-0778,50.38436,-4.12720,undifferentiated,1940s-map
potential-map2-0779,50.38417,-4.17444,undifferentiated,1940s-map
potential-map2-0780,50.38422,-4.12017,undifferentiated,1940s-map
potential-map2-0781,50.38390,-4.17958,undifferentiated,1940s-map
potential-map2-0782,50.38412,-4.17909,undifferentiated,1940s-map
potential-map2-0783,50.38409,-4.17600,undifferentiated,1940s-map
potential-map2-0784,50.38412,-4.17182,undifferentiated,1940s-map
potential-map2-0785,50.38405,-4.17084,undifferentiated,1940s-map
potential-map2-0786,50.38412,-4.16224,undifferentiated,1940s-map
potential-map2-0787,50.38432,-4.07927,undifferentiated,1940s-map
potential-map2-0788,50.38401,-4.16775,undifferentiated,1940s-map
potential-map2-0789,50.38373,-4.17628,undifferentiated,1940s-map
potential-map2-0790,50.38359,-4.17675,undifferentiated,1940s-map
potential-map2-0791,50.38395,-4.17668,undifferentiated,1940s-map
potential-map2-0792,50.38393,-4.15918,undifferentiated,1940s-map
potential-map2-0793,50.38394,-4.12664,undifferentiated,1940s-map
potential-map2-0794,50.38405,-4.08962,undifferentiated,1940s-map
potential-map2-0795,50.38381,-4.17844,undifferentiated,1940s-map
potential-map2-0796,50.38379,-4.16923,undifferentiated,1940s-map
potential-map2-0797,50.38383,-4.16469,undifferentiated,1940s-map
potential-map2-0798,50.38387,-4.13340,undifferentiated,1940s-map
potential-map2-0799,50.38377,-4.17543,undifferentiated,1940s-map
potential-map2-0800,50.38373,-4.17354,undifferentiated,1940s-map
potential-map2-0801,50.38373,-4.16298,undifferentiated,1940s-map
potential-map2-0802,50.38376,-4.14983,undifferentiated,1940s-map
potential-map2-0803,50.38368,-4.14885,undifferentiated,1940s-map
potential-map2-0804,50.38376,-4.13812,undifferentiated,1940s-map
potential-map2-0805,50.38364,-4.18300,undifferentiated,1940s-map
potential-map2-0806,50.38363,-4.18207,undifferentiated,1940s-map
potential-map2-0807,50.38367,-4.16578,undifferentiated,1940s-map
potential-map2-0808,50.38367,-4.16059,undifferentiated,1940s-map
potential-map2-0809,50.38366,-4.15310,undifferentiated,1940s-map
potential-map2-0810,50.38375,-4.13251,undifferentiated,1940s-map
potential-map2-0811,50.38358,-4.16395,undifferentiated,1940s-map
potential-map2-0812,50.38356,-4.15192,undifferentiated,1940s-map
potential-map2-0813,50.38346,-4.17495,undifferentiated,1940s-map
potential-map2-0814,50.38347,-4.17239,undifferentiated,1940s-map
potential-map2-0815,50.38352,-4.15393,undifferentiated,1940s-map
potential-map2-0816,50.38298,-4.18231,undifferentiated,1940s-map
potential-map2-0817,50.38334,-4.18253,undifferentiated,1940s-map
potential-map2-0818,50.38336,-4.16487,undifferentiated,1940s-map
potential-map2-0819,50.38343,-4.14196,undifferentiated,1940s-map
potential-map2-0820,50.38332,-4.17588,undifferentiated,1940s-map
potential-map2-0821,50.38328,-4.16336,undifferentiated,1940s-map
potential-map2-0822,50.38334,-4.12603,undifferentiated,1940s-map
potential-map2-0823,50.38333,-4.12464,undifferentiated,1940s-map
potential-map2-0824,50.38322,-4.16997,undifferentiated,1940s-map
potential-map2-0825,50.38309,-4.18333,undifferentiated,1940s-map
potential-map2-0826,50.38285,-4.17647,undifferentiated,1940s-map
potential-map2-0827,50.38314,-4.17664,undifferentiated,1940s-map
potential-map2-0828,50.38318,-4.13811,undifferentiated,1940s-map
potential-map2-0829,50.38300,-4.17941,undifferentiated,1940s-map
potential-map2-0830,50.38296,-4.18398,undifferentiated,1940s-map
potential-map2-0831,50.38299,-4.17746,undifferentiated,1940s-map
potential-map2-0832,50.38297,-4.17241,undifferentiated,1940s-map
potential-map2-0833,50.38297,-4.16607,undifferentiated,1940s-map
potential-map2-0834,50.38293,-4.14757,undifferentiated,1940s-map
potential-map2-0835,50.38293,-4.13971,undifferentiated,1940s-map
potential-map2-0836,50.38301,-4.10908,undifferentiated,1940s-map
potential-map2-0837,50.38284,-4.17389,undifferentiated,1940s-map
potential-map2-0838,50.38274,-4.18503,undifferentiated,1940s-map
potential-map2-0839,50.38265,-4.18435,undifferentiated,1940s-map
potential-map2-0840,50.38278,-4.15068,undifferentiated,1940s-map
potential-map2-0841,50.38229,-4.18184,undifferentiated,1940s-map
potential-map2-0842,50.38261,-4.18209,undifferentiated,1940s-map
potential-map2-0843,50.38268,-4.14840,undifferentiated,1940s-map
potential-map2-0844,50.38276,-4.12588,undifferentiated,1940s-map
potential-map2-0845,50.38261,-4.17890,undifferentiated,1940s-map
potential-map2-0846,50.38258,-4.16902,undifferentiated,1940s-map
potential-map2-0847,50.38264,-4.14096,undifferentiated,1940s-map
potential-map2-0848,50.38265,-4.10049,undifferentiated,1940s-map
potential-map2-0849,50.38249,-4.18272,undifferentiated,1940s-map
potential-map2-0850,50.38253,-4.14671,undifferentiated,1940s-map
potential-map2-0851,50.38241,-4.18380,undifferentiated,1940s-map
potential-map2-0852,50.38241,-4.17585,undifferentiated,1940s-map
potential-map2-0853,50.38238,-4.16781,undifferentiated,1940s-map
potential-map2-0854,50.38238,-4.16286,undifferentiated,1940s-map
potential-map2-0855,50.38231,-4.18483,undifferentiated,1940s-map
potential-map2-0856,50.38226,-4.18027,undifferentiated,1940s-map
potential-map2-0857,50.38230,-4.17851,undifferentiated,1940s-map
potential-map2-0858,50.38231,-4.17710,undifferentiated,1940s-map
potential-map2-0859,50.38208,-4.17681,undifferentiated,1940s-map
potential-map2-0860,50.38231,-4.15574,undifferentiated,1940s-map
potential-map2-0861,50.38234,-4.15055,undifferentiated,1940s-map
potential-map2-0862,50.38174,-4.14495,undifferentiated,1940s-map
potential-map2-0863,50.38202,-4.14433,undifferentiated,1940s-map
potential-map2-0864,50.38234,-4.14433,undifferentiated,1940s-map
potential-map2-0865,50.38186,-4.14465,undifferentiated,1940s-map
potential-map2-0866,50.38220,-4.17494,undifferentiated,1940s-map
potential-map2-0867,50.38223,-4.14864,undifferentiated,1940s-map
potential-map2-0868,50.38224,-4.12568,undifferentiated,1940s-map
potential-map2-0869,50.38226,-4.10818,undifferentiated,1940s-map
potential-map2-0870,50.38201,-4.18397,undifferentiated,1940s-map
potential-map2-0871,50.38169,-4.18315,undifferentiated,1940s-map
potential-map2-0872,50.38168,-4.18264,undifferentiated,1940s-map
potential-map2-0873,50.38199,-4.18299,undifferentiated,1940s-map
potential-map2-0874,50.38134,-4.18267,undifferentiated,1940s-map
potential-map2-0875,50.38200,-4.18081,undifferentiated,1940s-map
potential-map2-0876,50.38207,-4.17899,undifferentiated,1940s-map
potential-map2-0877,50.38202,-4.17154,undifferentiated,1940s-map
potential-map2-0878,50.38207,-4.17063,undifferentiated,1940s-map
potential-map2-0879,50.38204,-4.13956,undifferentiated,1940s-map
potential-map2-0880,50.38187,-4.18455,undifferentiated,1940s-map
potential-map2-0881,50.38199,-4.16709,undifferentiated,1940s-map
potential-map2-0882,50.38202,-4.10476,undifferentiated,1940s-map
potential-map2-0883,50.38201,-4.10330,undifferentiated,1940s-map
potential-map2-0884,50.38190,-4.16331,undifferentiated,1940s-map
potential-map2-0885,50.38188,-4.13211,undifferentiated,1940s-map
potential-map2-0886,50.38192,-4.13018,undifferentiated,1940s-map
potential-map2-0887,50.38170,-4.12964,undifferentiated,1940s-map
potential-map2-0888,50.38199,-4.08693,undifferentiated,1940s-map
potential-map2-0889,50.38177,-4.18004,undifferentiated,1940s-map
potential-map2-0890,50.38180,-4.16892,undifferentiated,1940s-map
potential-map2-0891,50.38180,-4.16432,undifferentiated,1940s-map
potential-map2-0892,50.38189,-4.10762,undifferentiated,1940s-map
potential-map2-0893,50.38173,-4.18188,undifferentiated,1940s-map
potential-map2-0894,50.38165,-4.17882,undifferentiated,1940s-map
potential-map2-0895,50.38165,-4.17822,undifferentiated,1940s-map
potential-map2-0896,50.38171,-4.14589,undifferentiated,1940s-map
potential-map2-0897,50.38168,-4.12045,undifferentiated,1940s-map
potential-map2-0898,50.38187,-4.11324,undifferentiated,1940s-map
potential-map2-0899,50.38150,-4.14797,undifferentiated,1940s-map
potential-map2-0900,50.38162,-4.14660,undifferentiated,1940s-map
potential-map2-0901,50.38161,-4.14715,undifferentiated,1940s-map
potential-map2-0902,50.38146,-4.14735,undifferentiated,1940s-map
potential-map2-0903,50.38158,-4.13820,undifferentiated,1940s-map
potential-map2-0904,50.38139,-4.13767,undifferentiated,1940s-map
potential-map2-0905,50.38168,-4.13605,undifferentiated,1940s-map
potential-map2-0906,50.38165,-4.12657,undifferentiated,1940s-map
potential-map2-0907,50.38148,-4.18117,undifferentiated,1940s-map
potential-map2-0908,50.38151,-4.16704,undifferentiated,1940s-map
potential-map2-0909,50.38155,-4.15386,undifferentiated,1940s-map
potential-map2-0910,50.38162,-4.10361,undifferentiated,1940s-map
potential-map2-0911,50.38144,-4.18375,undifferentiated,1940s-map
potential-map2-0912,50.38140,-4.14875,undifferentiated,1940s-map
potential-map2-0913,50.38140,-4.13912,undifferentiated,1940s-map
potential-map2-0914,50.38146,-4.13682,undifferentiated,1940s-map
potential-map2-0915,50.38146,-4.13528,undifferentiated,1940s-map
potential-map2-0916,50.38130,-4.18199,undifferentiated,1940s-map
potential-map2-0917,50.38126,-4.18021,undifferentiated,1940s-map
potential-map2-0918,50.38114,-4.17962,undifferentiated,1940s-map
potential-map2-0919,50.38132,-4.14959,undifferentiated,1940s-map
potential-map2-0920,50.38122,-4.15044,undifferentiated,1940s-map
potential-map2-0921,50.38136,-4.12513,undifferentiated,1940s-map
potential-map2-0922,50.38117,-4.12513,undifferentiated,1940s-map
potential-map2-0923,50.38052,-4.17331,undifferentiated,1940s-map
potential-map2-0924,50.38046,-4.17576,undifferentiated,1940s-map
potential-map2-0925,50.38115,-4.17378,undifferentiated,1940s-map
potential-map2-0926,50.38075,-4.17521,undifferentiated,1940s-map
potential-map2-0927,50.38011,-4.17566,undifferentiated,1940s-map
potential-map2-0928,50.38026,-4.17396,undifferentiated,1940s-map
potential-map2-0929,50.38107,-4.17554,undifferentiated,1940s-map
potential-map2-0930,50.38105,-4.17455,undifferentiated,1940s-map
potential-map2-0931,50.38030,-4.17506,undifferentiated,1940s-map
potential-map2-0932,50.38071,-4.17404,undifferentiated,1940s-map
potential-map2-0933,50.38024,-4.17341,undifferentiated,1940s-map
potential-map2-0934,50.37976,-4.17555,undifferentiated,1940s-map
potential-map2-0935,50.38017,-4.17447,undifferentiated,1940s-map
potential-map2-0936,50.38055,-4.17466,undifferentiated,1940s-map
potential-map2-0937,50.38118,-4.16743,undifferentiated,1940s-map
potential-map2-0938,50.38125,-4.11658,undifferentiated,1940s-map
potential-map2-0939,50.38111,-4.12662,undifferentiated,1940s-map
potential-map2-0940,50.38090,-4.18392,undifferentiated,1940s-map
potential-map2-0941,50.38099,-4.18093,undifferentiated,1940s-map
potential-map2-0942,50.38088,-4.18146,undifferentiated,1940s-map
potential-map2-0943,50.38094,-4.17864,undifferentiated,1940s-map
potential-map2-0944,50.38099,-4.17744,undifferentiated,1940s-map
potential-map2-0945,50.38097,-4.13767,undifferentiated,1940s-map
potential-map2-0946,50.38081,-4.18222,undifferentiated,1940s-map
potential-map2-0947,50.38079,-4.16116,undifferentiated,1940s-map
potential-map2-0948,50.38081,-4.13645,undifferentiated,1940s-map
potential-map2-0949,50.38086,-4.13324,undifferentiated,1940s-map
potential-map2-0950,50.38083,-4.13404,undifferentiated,1940s-map
potential-map2-0951,50.38093,-4.10382,undifferentiated,1940s-map
potential-map2-0952,50.38028,-4.18048,undifferentiated,1940s-map
potential-map2-0953,50.38021,-4.17884,undifferentiated,1940s-map
potential-map2-0954,50.38064,-4.17921,undifferentiated,1940s-map
potential-map2-0955,50.38065,-4.17971,undifferentiated,1940s-map
potential-map2-0956,50.38059,-4.18022,undifferentiated,1940s-map
potential-map2-0957,50.37988,-4.17870,undifferentiated,1940s-map
potential-map2-0958,50.38003,-4.18020,undifferentiated,1940s-map
potential-map2-0959,50.38054,-4.18072,undifferentiated,1940s-map
potential-map2-0960,50.38049,-4.17887,undifferentiated,1940s-map
potential-map2-0961,50.38062,-4.17248,undifferentiated,1940s-map
potential-map2-0962,50.38068,-4.16946,undifferentiated,1940s-map
potential-map2-0963,50.38079,-4.13485,undifferentiated,1940s-map
potential-map2-0964,50.38081,-4.10753,undifferentiated,1940s-map
potential-map2-0965,50.38063,-4.17657,undifferentiated,1940s-map
potential-map2-0966,50.38061,-4.16617,undifferentiated,1940s-map
potential-map2-0967,50.38059,-4.14220,undifferentiated,1940s-map
potential-map2-0968,50.38066,-4.12498,undifferentiated,1940s-map
potential-map2-0969,50.38068,-4.11975,undifferentiated,1940s-map
potential-map2-0970,50.38050,-4.18285,undifferentiated,1940s-map
potential-map2-0971,50.38049,-4.16040,undifferentiated,1940s-map
potential-map2-0972,50.38061,-4.13833,undifferentiated,1940s-map
potential-map2-0973,50.38058,-4.13799,undifferentiated,1940s-map
potential-map2-0974,50.38040,-4.18155,undifferentiated,1940s-map
potential-map2-0975,50.38017,-4.18117,undifferentiated,1940s-map
potential-map2-0976,50.38040,-4.17071,undifferentiated,1940s-map
potential-map2-0977,50.38047,-4.13686,undifferentiated,1940s-map
potential-map2-0978,50.38051,-4.12674,undifferentiated,1940s-map
potential-map2-0979,50.38051,-4.09527,undifferentiated,1940s-map
potential-map2-0980,50.38034,-4.18368,undifferentiated,1940s-map
potential-map2-0981,50.38038,-4.12140,undifferentiated,1940s-map
potential-map2-0982,50.38038,-4.11658,undifferentiated,1940s-map
potential-map2-0983,50.38047,-4.10414,undifferentiated,1940s-map
potential-map2-0984,50.38024,-4.16871,undifferentiated,1940s-map
potential-map2-0985,50.38024,-4.16689,undifferentiated,1940s-map
potential-map2-0986,50.38030,-4.16556,undifferentiated,1940s-map
potential-map2-0987,50.38030,-4.16460,undifferentiated,1940s-map
potential-map2-0988,50.38020,-4.17957,undifferentiated,1940s-map
potential-map2-0989,50.38022,-4.13335,undifferentiated,1940s-map
potential-map2-0990,50.38008,-4.15971,undifferentiated,1940s-map
potential-map2-0991,50.37995,-4.09579,undifferentiated,1940s-map
potential-map2-0992,50.38020,-4.09563,undifferentiated,1940s-map
potential-map2-0993,50.37981,-4.09610,undifferentiated,1940s-map
potential-map2-0994,50.37994,-4.18295,undifferentiated,1940s-map
potential-map2-0995,50.37996,-4.18217,undifferentiated,1940s-map
potential-map2-0996,50.37981,-4.13668,undifferentiated,1940s-map
potential-map2-0997,50.37979,-4.13598,undifferentiated,1940s-map
potential-map2-0998,50.37955,-4.13664,undifferentiated,1940s-map
potential-map2-0999,50.38000,-4.13620,undifferentiated,1940s-map
potential-map2-1000,50.38002,-4.13527,undifferentiated,1940s-map
potential-map2-1001,50.38004,-4.12681,undifferentiated,1940s-map
potential-map2-1002,50.38002,-4.12467,undifferentiated,1940s-map
potential-map2-1003,50.37990,-4.14964,undifferentiated,1940s-map
potential-map2-1004,50.37994,-4.12101,undifferentiated,1940s-map
potential-map2-1005,50.38002,-4.11274,undifferentiated,1940s-map
potential-map2-1006,50.37977,-4.18130,undifferentiated,1940s-map
potential-map2-1007,50.37951,-4.18074,undifferentiated,1940s-map
potential-map2-1008,50.37953,-4.18195,undifferentiated,1940s-map
potential-map2-1009,50.37980,-4.18071,undifferentiated,1940s-map
potential-map2-1010,50.37979,-4.17480,undifferentiated,1940s-map
potential-map2-1011,50.37974,-4.17413,undifferentiated,1940s-map
potential-map2-1012,50.37982,-4.17299,undifferentiated,1940s-map
potential-map2-1013,50.37981,-4.16523,undifferentiated,1940s-map
potential-map2-1014,50.37984,-4.15254,undifferentiated,1940s-map
potential-map2-1015,50.37893,-4.15356,undifferentiated,1940s-map
potential-map2-1016,50.37963,-4.15307,undifferentiated,1940s-map
potential-map2-1017,50.37928,-4.15315,undifferentiated,1940s-map
potential-map2-1018,50.37895,-4.15317,undifferentiated,1940s-map
potential-map2-1019,50.37983,-4.13107,undifferentiated,1940s-map
potential-map2-1020,50.37987,-4.11781,undifferentiated,1940s-map
potential-map2-1021,50.37988,-4.11559,undifferentiated,1940s-map
potential-map2-1022,50.37972,-4.16743,undifferentiated,1940s-map
potential-map2-1023,50.37977,-4.14800,undifferentiated,1940s-map
potential-map2-1024,50.37946,-4.13227,undifferentiated,1940s-map
potential-map2-1025,50.37979,-4.13220,undifferentiated,1940s-map
potential-map2-1026,50.37981,-4.11132,undifferentiated,1940s-map
potential-map2-1027,50.37980,-4.10463,undifferentiated,1940s-map
potential-map2-1028,50.37982,-4.10270,undifferentiated,1940s-map
potential-map2-1029,50.37945,-4.17903,undifferentiated,1940s-map
potential-map2-1030,50.37949,-4.17346,undifferentiated,1940s-map
potential-map2-1031,50.37951,-4.17220,undifferentiated,1940s-map
potential-map2-1032,50.37959,-4.15991,undifferentiated,1940s-map
potential-map2-1033,50.37936,-4.12190,undifferentiated,1940s-map
potential-map2-1034,50.37961,-4.12238,undifferentiated,1940s-map
potential-map2-1035,50.37920,-4.18344,undifferentiated,1940s-map
potential-map2-1036,50.37946,-4.18309,undifferentiated,1940s-map
potential-map2-1037,50.37948,-4.12027,undifferentiated,1940s-map
potential-map2-1038,50.37947,-4.09645,undifferentiated,1940s-map
potential-map2-1039,50.37940,-4.17461,undifferentiated,1940s-map
potential-map2-1040,50.37931,-4.16905,undifferentiated,1940s-map
potential-map2-1041,50.37935,-4.15183,undifferentiated,1940s-map
potential-map2-1042,50.37933,-4.10478,undifferentiated,1940s-map
potential-map2-1043,50.37949,-4.10539,undifferentiated,1940s-map
potential-map2-1044,50.37930,-4.18133,undifferentiated,1940s-map
potential-map2-1045,50.37928,-4.16258,undifferentiated,1940s-map
potential-map2-1046,50.37932,-4.11940,undifferentiated,1940s-map
potential-map2-1047,50.37936,-4.11839,undifferentiated,1940s-map
potential-map2-1048,50.37914,-4.16777,undifferentiated,1940s-map
potential-map2-1049,50.37916,-4.16098,undifferentiated,1940s-map
potential-map2-1050,50.37922,-4.13954,undifferentiated,1940s-map
potential-map2-1051,50.37902,-4.12411,undifferentiated,1940s-map
potential-map2-1052,50.37926,-4.12458,undifferentiated,1940s-map
potential-map2-1053,50.37922,-4.12393,undifferentiated,1940s-map
potential-map2-1054,50.37882,-4.12426,undifferentiated,1940s-map
potential-map2-1055,50.37903,-4.18276,undifferentiated,1940s-map
potential-map2-1056,50.37875,-4.18319,undifferentiated,1940s-map
potential-map2-1057,50.37911,-4.17966,undifferentiated,1940s-map
potential-map2-1058,50.37911,-4.17139,undifferentiated,1940s-map
potential-map2-1059,50.37907,-4.15873,undifferentiated,1940s-map
potential-map2-1060,50.37917,-4.13496,undifferentiated,1940s-map
potential-map2-1061,50.37894,-4.13533,undifferentiated,1940s-map
potential-map2-1062,50.37914,-4.12703,undifferentiated,1940s-map
potential-map2-1063,50.37896,-4.17880,undifferentiated,1940s-map
potential-map2-1064,50.37899,-4.17446,undifferentiated,1940s-map
potential-map2-1065,50.37903,-4.14773,undifferentiated,1940s-map
potential-map2-1066,50.37902,-4.13622,undifferentiated,1940s-map
potential-map2-1067,50.37891,-4.13307,undifferentiated,1940s-map
potential-map2-1068,50.37894,-4.13000,undifferentiated,1940s-map
potential-map2-1069,50.37896,-4.10999,undifferentiated,1940s-map
potential-map2-1070,50.37881,-4.18018,undifferentiated,1940s-map
potential-map2-1071,50.37881,-4.17729,undifferentiated,1940s-map
potential-map2-1072,50.37878,-4.16660,undifferentiated,1940s-map
potential-map2-1073,50.37875,-4.14972,undifferentiated,1940s-map
potential-map2-1074,50.37890,-4.14946,undifferentiated,1940s-map
potential-map2-1075,50.37877,-4.16802,undifferentiated,1940s-map
potential-map2-1076,50.37877,-4.16865,undifferentiated,1940s-map
potential-map2-1077,50.37870,-4.16315,undifferentiated,1940s-map
potential-map2-1078,50.37872,-4.16153,undifferentiated,1940s-map
potential-map2-1079,50.37878,-4.13864,undifferentiated,1940s-map
potential-map2-1080,50.37859,-4.13843,undifferentiated,1940s-map
potential-map2-1081,50.37844,-4.12749,undifferentiated,1940s-map
potential-map2-1082,50.37877,-4.12736,undifferentiated,1940s-map
potential-map2-1083,50.37855,-4.15928,undifferentiated,1940s-map
potential-map2-1084,50.37861,-4.13191,undifferentiated,1940s-map
potential-map2-1085,50.37823,-4.13176,undifferentiated,1940s-map
potential-map2-1086,50.37838,-4.13135,undifferentiated,1940s-map
potential-map2-1087,50.37864,-4.12950,undifferentiated,1940s-map
potential-map2-1088,50.37861,-4.12572,undifferentiated,1940s-map
potential-map2-1089,50.37860,-4.12630,undifferentiated,1940s-map
potential-map2-1090,50.37862,-4.12355,undifferentiated,1940s-map
potential-map2-1091,50.37843,-4.18079,undifferentiated,1940s-map
potential-map2-1092,50.37848,-4.16226,undifferentiated,1940s-map
potential-map2-1093,50.37854,-4.12840,undifferentiated,1940s-map
potential-map2-1094,50.37829,-4.12877,undifferentiated,1940s-map
potential-map2-1095,50.37853,-4.11911,undifferentiated,1940s-map
potential-map2-1096,50.37836,-4.17677,undifferentiated,1940s-map
potential-map2-1097,50.37837,-4.17414,undifferentiated,1940s-map
potential-map2-1098,50.37837,-4.16499,undifferentiated,1940s-map
potential-map2-1099,50.37838,-4.16095,undifferentiated,1940s-map
potential-map2-1100,50.37841,-4.14910,undifferentiated,1940s-map
potential-map2-1101,50.37832,-4.14873,undifferentiated,1940s-map
potential-map2-1102,50.37841,-4.14716,undifferentiated,1940s-map
potential-map2-1103,50.37840,-4.14499,undifferentiated,1940s-map
potential-map2-1104,50.37846,-4.12463,undifferentiated,1940s-map
potential-map2-1105,50.37825,-4.18240,undifferentiated,1940s-map
potential-map2-1106,50.37826,-4.18296,undifferentiated,1940s-map
potential-map2-1107,50.37828,-4.16007,undifferentiated,1940s-map
potential-map2-1108,50.37834,-4.13978,undifferentiated,1940s-map
potential-map2-1109,50.37822,-4.17610,undifferentiated,1940s-map
potential-map2-1110,50.37829,-4.12678,undifferentiated,1940s-map
potential-map2-1111,50.37825,-4.12401,undifferentiated,1940s-map
potential-map2-1112,50.37826,-4.11581,undifferentiated,1940s-map
potential-map2-1113,50.37811,-4.17954,undifferentiated,1940s-map
potential-map2-1114,50.37780,-4.14091,undifferentiated,1940s-map
potential-map2-1115,50.37813,-4.14170,undifferentiated,1940s-map
potential-map2-1116,50.37781,-4.14151,undifferentiated,1940s-map
potential-map2-1117,50.37816,-4.13903,undifferentiated,1940s-map
potential-map2-1118,50.37809,-4.13238,undifferentiated,1940s-map
potential-map2-1119,50.37783,-4.12503,undifferentiated,1940s-map
potential-map2-1120,50.37746,-4.12496,undifferentiated,1940s-map
potential-map2-1121,50.37820,-4.12510,undifferentiated,1940s-map
potential-map2-1122,50.37800,-4.12534,undifferentiated,1940s-map
potential-map2-1123,50.37778,-4.12551,undifferentiated,1940s-map
potential-map2-1124,50.37805,-4.10392,undifferentiated,1940s-map
potential-map2-1125,50.37789,-4.10536,undifferentiated,1940s-map
potential-map2-1126,50.37810,-4.10485,undifferentiated,1940s-map
potential-map2-1127,50.37799,-4.18178,undifferentiated,1940s-map
potential-map2-1128,50.37797,-4.16357,undifferentiated,1940s-map
potential-map2-1129,50.37807,-4.16261,undifferentiated,1940s-map
potential-map2-1130,50.37802,-4.15874,undifferentiated,1940s-map
potential-map2-1131,50.37808,-4.12616,undifferentiated,1940s-map
potential-map2-1132,50.37794,-4.15405,undifferentiated,1940s-map
potential-map2-1133,50.37791,-4.14853,undifferentiated,1940s-map
potential-map2-1134,50.37798,-4.13802,undifferentiated,1940s-map
potential-map2-1135,50.37794,-4.13632,undifferentiated,1940s-map
potential-map2-1136,50.37800,-4.09795,undifferentiated,1940s-map
potential-map2-1137,50.37708,-4.18055,undifferentiated,1940s-map
potential-map2-1138,50.37680,-4.18043,undifferentiated,1940s-map
potential-map2-1139,50.37777,-4.18055,undifferentiated,1940s-map
potential-map2-1140,50.37773,-4.18125,undifferentiated,1940s-map
potential-map2-1141,50.37743,-4.18036,undifferentiated,1940s-map
potential-map2-1142,50.37785,-4.14664,undifferentiated,1940s-map
potential-map2-1143,50.37793,-4.13543,undifferentiated,1940s-map
potential-map2-1144,50.37775,-4.16654,undifferentiated,1940s-map
potential-map2-1145,50.37773,-4.15048,undifferentiated,1940s-map
potential-map2-1146,50.37785,-4.11525,undifferentiated,1940s-map
potential-map2-1147,50.37781,-4.11223,undifferentiated,1940s-map
potential-map2-1148,50.37790,-4.10719,undifferentiated,1940s-map
potential-map2-1149,50.37767,-4.17983,undifferentiated,1940s-map
potential-map2-1150,50.37768,-4.16816,undifferentiated,1940s-map
potential-map2-1151,50.37763,-4.16428,undifferentiated,1940s-map
potential-map2-1152,50.37765,-4.16119,undifferentiated,1940s-map
potential-map2-1153,50.37753,-4.14776,undifferentiated,1940s-map
potential-map2-1154,50.37772,-4.12659,undifferentiated,1940s-map
potential-map2-1155,50.37770,-4.12300,undifferentiated,1940s-map
potential-map2-1156,50.37779,-4.10823,undifferentiated,1940s-map
potential-map2-1157,50.37753,-4.18286,undifferentiated,1940s-map
potential-map2-1158,50.37723,-4.18205,undifferentiated,1940s-map
potential-map2-1159,50.37694,-4.18186,undifferentiated,1940s-map
potential-map2-1160,50.37758,-4.18212,undifferentiated,1940s-map
potential-map2-1161,50.37740,-4.18159,undifferentiated,1940s-map
potential-map2-1162,50.37757,-4.16958,undifferentiated,1940s-map
potential-map2-1163,50.37755,-4.13864,undifferentiated,1940s-map
potential-map2-1164,50.37764,-4.13341,undifferentiated,1940s-map
potential-map2-1165,50.37761,-4.13271,undifferentiated,1940s-map
potential-map2-1166,50.37758,-4.12395,undifferentiated,1940s-map
potential-map2-1167,50.37752,-4.13572,undifferentiated,1940s-map
potential-map2-1168,50.37756,-4.13446,undifferentiated,1940s-map
potential-map2-1169,50.37763,-4.09337,undifferentiated,1940s-map
potential-map2-1170,50.37736,-4.18542,undifferentiated,1940s-map
potential-map2-1171,50.37742,-4.17916,undifferentiated,1940s-map
potential-map2-1172,50.37736,-4.17272,undifferentiated,1940s-map
potential-map2-1173,50.37742,-4.12587,undifferentiated,1940s-map
potential-map2-1174,50.37751,-4.12132,undifferentiated,1940s-map
potential-map2-1175,50.37729,-4.16560,undifferentiated,1940s-map
potential-map2-1176,50.37730,-4.15393,undifferentiated,1940s-map
potential-map2-1177,50.37737,-4.12913,undifferentiated,1940s-map
potential-map2-1178,50.37734,-4.12043,undifferentiated,1940s-map
potential-map2-1179,50.37736,-4.11323,undifferentiated,1940s-map
potential-map2-1180,50.37736,-4.10749,undifferentiated,1940s-map
potential-map2-1181,50.37720,-4.17498,undifferentiated,1940s-map
potential-map2-1182,50.37722,-4.14541,undifferentiated,1940s-map
potential-map2-1183,50.37734,-4.14126,undifferentiated,1940s-map
potential-map2-1184,50.37724,-4.13764,undifferentiated,1940s-map
potential-map2-1185,50.37693,-4.13786,undifferentiated,1940s-map
potential-map2-1186,50.37722,-4.11492,undifferentiated,1940s-map
potential-map2-1187,50.37692,-4.11522,undifferentiated,1940s-map
potential-map2-1188,50.37726,-4.11437,undifferentiated,1940s-map
potential-map2-1189,50.37663,-4.18307,undifferentiated,1940s-map
potential-map2-1190,50.37703,-4.18322,undifferentiated,1940s-map
potential-map2-1191,50.37711,-4.17982,undifferentiated,1940s-map
potential-map2-1192,50.37717,-4.14174,undifferentiated,1940s-map
potential-map2-1193,50.37710,-4.13450,undifferentiated,1940s-map
potential-map2-1194,50.37699,-4.15478,undifferentiated,1940s-map
potential-map2-1195,50.37707,-4.13275,undifferentiated,1940s-map
potential-map2-1196,50.37705,-4.12741,undifferentiated,1940s-map
potential-map2-1197,50.37708,-4.12684,undifferentiated,1940s-map
potential-map2-1198,50.37693,-4.18420,undifferentiated,1940s-map
potential-map2-1199,50.37665,-4.18393,undifferentiated,1940s-map
potential-map2-1200,50.37695,-4.17776,undifferentiated,1940s-map
potential-map2-1201,50.37697,-4.17692,undifferentiated,1940s-map
potential-map2-1202,50.37692,-4.17185,undifferentiated,1940s-map
potential-map2-1203,50.37695,-4.16478,undifferentiated,1940s-map
potential-map2-1204,50.37699,-4.14670,undifferentiated,1940s-map
potential-map2-1205,50.37697,-4.12958,undifferentiated,1940s-map
potential-map2-1206,50.37701,-4.12582,undifferentiated,1940s-map
potential-map2-1207,50.37700,-4.11681,undifferentiated,1940s-map
potential-map2-1208,50.37686,-4.18520,undifferentiated,1940s-map
potential-map2-1209,50.37634,-4.17851,undifferentiated,1940s-map
potential-map2-1210,50.37649,-4.17945,undifferentiated,1940s-map
potential-map2-1211,50.37649,-4.17762,undifferentiated,1940s-map
potential-map2-1212,50.37602,-4.17993,undifferentiated,1940s-map
potential-map2-1213,50.37689,-4.17925,undifferentiated,1940s-map
potential-map2-1214,50.37621,-4.17896,undifferentiated,1940s-map
potential-map2-1215,50.37632,-4.17702,undifferentiated,1940s-map
potential-map2-1216,50.37647,-4.17996,undifferentiated,1940s-map
potential-map2-1217,50.37656,-4.17813,undifferentiated,1940s-map
potential-map2-1218,50.37669,-4.17932,undifferentiated,1940s-map
potential-map2-1219,50.37620,-4.17949,undifferentiated,1940s-map
potential-map2-1220,50.37684,-4.16984,undifferentiated,1940s-map
potential-map2-1221,50.37686,-4.16920,undifferentiated,1940s-map
potential-map2-1222,50.37651,-4.16942,undifferentiated,1940s-map
potential-map2-1223,50.37659,-4.16100,undifferentiated,1940s-map
potential-map2-1224,50.37689,-4.16153,undifferentiated,1940s-map
potential-map2-1225,50.37660,-4.15535,undifferentiated,1940s-map
potential-map2-1226,50.37684,-4.15626,undifferentiated,1940s-map
potential-map2-1227,50.37671,-4.15573,undifferentiated,1940s-map
potential-map2-1228,50.37692,-4.13043,undifferentiated,1940s-map
potential-map2-1229,50.37691,-4.11797,undifferentiated,1940s-map
potential-map2-1230,50.37604,-4.17555,undifferentiated,1940s-map
potential-map2-1231,50.37642,-4.17461,undifferentiated,1940s-map
potential-map2-1232,50.37586,-4.17419,undifferentiated,1940s-map
potential-map2-1233,50.37677,-4.17524,undifferentiated,1940s-map
potential-map2-1234,50.37571,-4.17475,undifferentiated,1940s-map
potential-map2-1235,50.37569,-4.17526,undifferentiated,1940s-map
potential-map2-1236,50.37611,-4.17499,undifferentiated,1940s-map
potential-map2-1237,50.37659,-4.17489,undifferentiated,1940s-map
potential-map2-1238,50.37621,-4.17436,undifferentiated,1940s-map
potential-map2-1239,50.37575,-4.17562,undifferentiated,1940s-map
potential-map2-1240,50.37673,-4.17091,undifferentiated,1940s-map
potential-map2-1241,50.37682,-4.14098,undifferentiated,1940s-map
potential-map2-1242,50.37684,-4.11607,undifferentiated,1940s-map
potential-map2-1243,50.37640,-4.17311,undifferentiated,1940s-map
potential-map2-1244,50.37661,-4.17257,undifferentiated,1940s-map
potential-map2-1245,50.37670,-4.15388,undifferentiated,1940s-map
potential-map2-1246,50.37650,-4.18471,undifferentiated,1940s-map
potential-map2-1247,50.37655,-4.18230,undifferentiated,1940s-map
potential-map2-1248,50.37659,-4.17389,undifferentiated,1940s-map
potential-map2-1249,50.37665,-4.13651,undifferentiated,1940s-map
potential-map2-1250,50.37627,-4.13559,undifferentiated,1940s-map
potential-map2-1251,50.37625,-4.13626,undifferentiated,1940s-map
potential-map2-1252,50.37650,-4.13629,undifferentiated,1940s-map
potential-map2-1253,50.37657,-4.13549,undifferentiated,1940s-map
potential-map2-1254,50.37654,-4.12723,undifferentiated,1940s-map
potential-map2-1255,50.37673,-4.12720,undifferentiated,1940s-map
potential-map2-1256,50.37672,-4.10907,undifferentiated,1940s-map
potential-map2-1257,50.37597,-4.14892,undifferentiated,1940s-map
potential-map2-1258,50.37588,-4.14974,undifferentiated,1940s-map
potential-map2-1259,50.37545,-4.14917,undifferentiated,1940s-map
potential-map2-1260,50.37653,-4.14962,undifferentiated,1940s-map
potential-map2-1261,50.37520,-4.14943,undifferentiated,1940s-map
potential-map2-1262,50.37566,-4.14877,undifferentiated,1940s-map
potential-map2-1263,50.37600,-4.15029,undifferentiated,1940s-map
potential-map2-1264,50.37628,-4.14936,undifferentiated,1940s-map
potential-map2-1265,50.37598,-4.14932,undifferentiated,1940s-map
potential-map2-1266,50.37652,-4.14518,undifferentiated,1940s-map
potential-map2-1267,50.37648,-4.14350,undifferentiated,1940s-map
potential-map2-1268,50.37655,-4.13171,undifferentiated,1940s-map
potential-map2-1269,50.37656,-4.12509,undifferentiated,1940s-map
potential-map2-1270,50.37646,-4.13834,undifferentiated,1940s-map
potential-map2-1271,50.37642,-4.13899,undifferentiated,1940s-map
potential-map2-1272,50.37648,-4.13399,undifferentiated,1940s-map
potential-map2-1273,50.37645,-4.11522,undifferentiated,1940s-map
potential-map2-1274,50.37627,-4.18049,undifferentiated,1940s-map
potential-map2-1275,50.37623,-4.16358,undifferentiated,1940s-map
potential-map2-1276,50.37624,-4.16234,undifferentiated,1940s-map
potential-map2-1277,50.37626,-4.16149,undifferentiated,1940s-map
potential-map2-1278,50.37634,-4.12618,undifferentiated,1940s-map
potential-map2-1279,50.37620,-4.18126,undifferentiated,1940s-map
potential-map2-1280,50.37594,-4.18172,undifferentiated,1940s-map
potential-map2-1281,50.37623,-4.15608,undifferentiated,1940s-map
potential-map2-1282,50.37610,-4.17797,undifferentiated,1940s-map
potential-map2-1283,50.37622,-4.13707,undifferentiated,1940s-map
potential-map2-1284,50.37601,-4.19942,undifferentiated,1940s-map
potential-map2-1285,50.37597,-4.18459,undifferentiated,1940s-map
potential-map2-1286,50.37606,-4.18395,undifferentiated,1940s-map
potential-map2-1287,50.37616,-4.11296,undifferentiated,1940s-map
potential-map2-1288,50.37570,-4.17635,undifferentiated,1940s-map
potential-map2-1289,50.37598,-4.17664,undifferentiated,1940s-map
potential-map2-1290,50.37600,-4.15733,undifferentiated,1940s-map
potential-map2-1291,50.37600,-4.14820,undifferentiated,1940s-map
potential-map2-1292,50.37591,-4.14349,undifferentiated,1940s-map
potential-map2-1293,50.37600,-4.13807,undifferentiated,1940s-map
potential-map2-1294,50.37599,-4.12207,undifferentiated,1940s-map
potential-map2-1295,50.37528,-4.17770,undifferentiated,1940s-map
potential-map2-1296,50.37535,-4.17894,undifferentiated,1940s-map
potential-map2-1297,50.37529,-4.17844,undifferentiated,1940s-map
potential-map2-1298,50.37580,-4.17931,undifferentiated,1940s-map
potential-map2-1299,50.37502,-4.17812,undifferentiated,1940s-map
potential-map2-1300,50.37538,-4.17938,undifferentiated,1940s-map
potential-map2-1301,50.37581,-4.13700,undifferentiated,1940s-map
potential-map2-1302,50.37562,-4.13605,undifferentiated,1940s-map
potential-map2-1303,50.37589,-4.13647,undifferentiated,1940s-map
potential-map2-1304,50.37590,-4.13557,undifferentiated,1940s-map
potential-map2-1305,50.37596,-4.12652,undifferentiated,1940s-map
potential-map2-1306,50.37596,-4.12557,undifferentiated,1940s-map
potential-map2-1307,50.37579,-4.15595,undifferentiated,1940s-map
potential-map2-1308,50.37579,-4.15665,undifferentiated,1940s-map
potential-map2-1309,50.37584,-4.13430,undifferentiated,1940s-map
potential-map2-1310,50.37584,-4.11467,undifferentiated,1940s-map
potential-map2-1311,50.37572,-4.14509,undifferentiated,1940s-map
potential-map2-1312,50.37578,-4.11389,undifferentiated,1940s-map
potential-map2-1313,50.37564,-4.16603,undifferentiated,1940s-map
potential-map2-1314,50.37560,-4.16220,undifferentiated,1940s-map
potential-map2-1315,50.37562,-4.16097,undifferentiated,1940s-map
potential-map2-1316,50.37552,-4.13337,undifferentiated,1940s-map
potential-map2-1317,50.37545,-4.18675,undifferentiated,1940s-map
potential-map2-1318,50.37547,-4.15484,undifferentiated,1940s-map
potential-map2-1319,50.37558,-4.14729,undifferentiated,1940s-map
potential-map2-1320,50.37550,-4.14448,undifferentiated,1940s-map
potential-map2-1321,50.37556,-4.14011,undifferentiated,1940s-map
potential-map2-1322,50.37559,-4.13953,undifferentiated,1940s-map
potential-map2-1323,50.37558,-4.10162,undifferentiated,1940s-map
potential-map2-1324,50.37539,-4.17425,undifferentiated,1940s-map
potential-map2-1325,50.37506,-4.17452,undifferentiated,1940s-map
potential-map2-1326,50.37528,-4.16453,undifferentiated,1940s-map
potential-map2-1327,50.37538,-4.14370,undifferentiated,1940s-map
potential-map2-1328,50.37539,-4.12909,undifferentiated,1940s-map
potential-map2-1329,50.37539,-4.12539,undifferentiated,1940s-map
potential-map2-1330,50.37546,-4.10853,undifferentiated,1940s-map
potential-map2-1331,50.37535,-4.10221,undifferentiated,1940s-map
potential-map2-1332,50.37493,-4.15060,undifferentiated,1940s-map
potential-map2-1333,50.37523,-4.15038,undifferentiated,1940s-map
potential-map2-1334,50.37455,-4.15017,undifferentiated,1940s-map
potential-map2-1335,50.37473,-4.15042,undifferentiated,1940s-map
potential-map2-1336,50.37528,-4.11411,undifferentiated,1940s-map
potential-map2-1337,50.37512,-4.18262,undifferentiated,1940s-map
potential-map2-1338,50.37518,-4.16052,undifferentiated,1940s-map
potential-map2-1339,50.37509,-4.14518,undifferentiated,1940s-map
potential-map2-1340,50.37524,-4.14254,undifferentiated,1940s-map
potential-map2-1341,50.37519,-4.12771,undifferentiated,1940s-map
potential-map2-1342,50.37509,-4.17363,undifferentiated,1940s-map
potential-map2-1343,50.37490,-4.15140,undifferentiated,1940s-map
potential-map2-1344,50.37512,-4.15147,undifferentiated,1940s-map
potential-map2-1345,50.37461,-4.14162,undifferentiated,1940s-map
potential-map2-1346,50.37508,-4.14065,undifferentiated,1940s-map
potential-map2-1347,50.37477,-4.14132,undifferentiated,1940s-map
potential-map2-1348,50.37474,-4.14232,undifferentiated,1940s-map
potential-map2-1349,50.37490,-4.14104,undifferentiated,1940s-map
potential-map2-1350,50.37505,-4.13948,undifferentiated,1940s-map
potential-map2-1351,50.37506,-4.13678,undifferentiated,1940s-map
potential-map2-1352,50.37506,-4.13438,undifferentiated,1940s-map
potential-map2-1353,50.37517,-4.12622,undifferentiated,1940s-map
potential-map2-1354,50.37508,-4.12364,undifferentiated,1940s-map
potential-map2-1355,50.37493,-4.17881,undifferentiated,1940s-map
potential-map2-1356,50.37500,-4.16592,undifferentiated,1940s-map
potential-map2-1357,50.37505,-4.14372,undifferentiated,1940s-map
potential-map2-1358,50.37497,-4.13044,undifferentiated,1940s-map
potential-map2-1359,50.37497,-4.11883,undifferentiated,1940s-map
potential-map2-1360,50.37508,-4.11945,undifferentiated,1940s-map
potential-map2-1361,50.37505,-4.11003,undifferentiated,1940s-map
potential-map2-1362,50.37502,-4.10818,undifferentiated,1940s-map
potential-map2-1363,50.37491,-4.17731,undifferentiated,1940s-map
potential-map2-1364,50.37485,-4.17648,undifferentiated,1940s-map
potential-map2-1365,50.37467,-4.16500,undifferentiated,1940s-map
potential-map2-1366,50.37495,-4.13781,undifferentiated,1940s-map
potential-map2-1367,50.37471,-4.13537,undifferentiated,1940s-map
potential-map2-1368,50.37440,-4.13521,undifferentiated,1940s-map
potential-map2-1369,50.37496,-4.13583,undifferentiated,1940s-map
potential-map2-1370,50.37494,-4.12508,undifferentiated,1940s-map
potential-map2-1371,50.37492,-4.12425,undifferentiated,1940s-map
potential-map2-1372,50.37482,-4.14953,undifferentiated,1940s-map
potential-map2-1373,50.37469,-4.14924,undifferentiated,1940s-map
potential-map2-1374,50.37488,-4.10296,undifferentiated,1940s-map
potential-map2-1375,50.37469,-4.10302,undifferentiated,1940s-map
potential-map2-1376,50.37470,-4.15998,undifferentiated,1940s-map
potential-map2-1377,50.37469,-4.15646,undifferentiated,1940s-map
potential-map2-1378,50.37473,-4.12587,undifferentiated,1940s-map
potential-map2-1379,50.37468,-4.15218,undifferentiated,1940s-map
potential-map2-1380,50.37462,-4.13895,undifferentiated,1940s-map
potential-map2-1381,50.37473,-4.13280,undifferentiated,1940s-map
potential-map2-1382,50.37450,-4.17334,undifferentiated,1940s-map
potential-map2-1383,50.37456,-4.15413,undifferentiated,1940s-map
potential-map2-1384,50.37427,-4.13448,undifferentiated,1940s-map
potential-map2-1385,50.37459,-4.13460,undifferentiated,1940s-map
potential-map2-1386,50.37448,-4.12512,undifferentiated,1940s-map
potential-map2-1387,50.37430,-4.17487,undifferentiated,1940s-map
potential-map2-1388,50.37434,-4.14757,undifferentiated,1940s-map
potential-map2-1389,50.37438,-4.13197,undifferentiated,1940s-map
potential-map2-1390,50.37427,-4.16598,undifferentiated,1940s-map
potential-map2-1391,50.37430,-4.14626,undifferentiated,1940s-map
potential-map2-1392,50.37412,-4.13781,undifferentiated,1940s-map
potential-map2-1393,50.37434,-4.13807,undifferentiated,1940s-map
potential-map2-1394,50.37427,-4.13742,undifferentiated,1940s-map
potential-map2-1395,50.37392,-4.13753,undifferentiated,1940s-map
potential-map2-1396,50.37402,-4.13826,undifferentiated,1940s-map
potential-map2-1397,50.37434,-4.13597,undifferentiated,1940s-map
potential-map2-1398,50.37423,-4.11829,undifferentiated,1940s-map
potential-map2-1399,50.37439,-4.11803,undifferentiated,1940s-map
potential-map2-1400,50.37417,-4.14014,undifferentiated,1940s-map
potential-map2-1401,50.37408,-4.12400,undifferentiated,1940s-map
potential-map2-1402,50.37418,-4.12453,undifferentiated,1940s-map
potential-map2-1403,50.37380,-4.11618,undifferentiated,1940s-map
potential-map2-1404,50.37427,-4.11741,undifferentiated,1940s-map
potential-map2-1405,50.37413,-4.11711,undifferentiated,1940s-map
potential-map2-1406,50.37396,-4.11676,undifferentiated,1940s-map
potential-map2-1407,50.37422,-4.10452,undifferentiated,1940s-map
potential-map2-1408,50.37416,-4.17788,undifferentiated,1940s-map
potential-map2-1409,50.37405,-4.17225,undifferentiated,1940s-map
potential-map2-1410,50.37409,-4.14310,undifferentiated,1940s-map
potential-map2-1411,50.37413,-4.12931,undifferentiated,1940s-map
potential-map2-1412,50.37381,-4.16462,undifferentiated,1940s-map
potential-map2-1413,50.37398,-4.16434,undifferentiated,1940s-map
potential-map2-1414,50.37356,-4.15787,undifferentiated,1940s-map
potential-map2-1415,50.37383,-4.15825,undifferentiated,1940s-map
potential-map2-1416,50.37400,-4.15840,undifferentiated,1940s-map
potential-map2-1417,50.37364,-4.15721,undifferentiated,1940s-map
potential-map2-1418,50.37403,-4.15759,undifferentiated,1940s-map
potential-map2-1419,50.37380,-4.15378,undifferentiated,1940s-map
potential-map2-1420,50.37398,-4.15323,undifferentiated,1940s-map
potential-map2-1421,50.37408,-4.12776,undifferentiated,1940s-map
potential-map2-1422,50.37405,-4.12536,undifferentiated,1940s-map
potential-map2-1423,50.37408,-4.11171,undifferentiated,1940s-map
potential-map2-1424,50.37394,-4.14450,undifferentiated,1940s-map
potential-map2-1425,50.37398,-4.13274,undifferentiated,1940s-map
potential-map2-1426,50.37398,-4.12326,undifferentiated,1940s-map
potential-map2-1427,50.37394,-4.10395,undifferentiated,1940s-map
potential-map2-1428,50.37383,-4.15092,undifferentiated,1940s-map
potential-map2-1429,50.37384,-4.14651,undifferentiated,1940s-map
potential-map2-1430,50.37368,-4.17387,undifferentiated,1940s-map
potential-map2-1431,50.37366,-4.17241,undifferentiated,1940s-map
potential-map2-1432,50.37380,-4.13975,undifferentiated,1940s-map
potential-map2-1433,50.37378,-4.13503,undifferentiated,1940s-map
potential-map2-1434,50.37382,-4.12058,undifferentiated,1940s-map
potential-map2-1435,50.37371,-4.16203,undifferentiated,1940s-map
potential-map2-1436,50.37366,-4.14125,undifferentiated,1940s-map
potential-map2-1437,50.37339,-4.14077,undifferentiated,1940s-map
potential-map2-1438,50.37362,-4.14036,undifferentiated,1940s-map
potential-map2-1439,50.37369,-4.12374,undifferentiated,1940s-map
potential-map2-1440,50.37360,-4.12438,undifferentiated,1940s-map
potential-map2-1441,50.37370,-4.11543,undifferentiated,1940s-map
potential-map2-1442,50.37343,-4.18260,undifferentiated,1940s-map
potential-map2-1443,50.37360,-4.14521,undifferentiated,1940s-map
potential-map2-1444,50.37353,-4.13794,undifferentiated,1940s-map
potential-map2-1445,50.37366,-4.11305,undifferentiated,1940s-map
potential-map2-1446,50.37349,-4.15888,undifferentiated,1940s-map
potential-map2-1447,50.37345,-4.15339,undifferentiated,1940s-map
potential-map2-1448,50.37349,-4.14191,undifferentiated,1940s-map
potential-map2-1449,50.37349,-4.13709,undifferentiated,1940s-map
potential-map2-1450,50.37324,-4.13421,undifferentiated,1940s-map
potential-map2-1451,50.37350,-4.13398,undifferentiated,1940s-map
potential-map2-1452,50.37354,-4.13016,undifferentiated,1940s-map
potential-map2-1453,50.37329,-4.17781,undifferentiated,1940s-map
potential-map2-1454,50.37325,-4.17080,undifferentiated,1940s-map
potential-map2-1455,50.37329,-4.17176,undifferentiated,1940s-map
potential-map2-1456,50.37342,-4.17136,undifferentiated,1940s-map
potential-map2-1457,50.37339,-4.14630,undifferentiated,1940s-map
potential-map2-1458,50.37336,-4.12264,undifferentiated,1940s-map
potential-map2-1459,50.37321,-4.12200,undifferentiated,1940s-map
potential-map2-1460,50.37340,-4.12203,undifferentiated,1940s-map
potential-map2-1461,50.37344,-4.11220,undifferentiated,1940s-map
potential-map2-1462,50.37329,-4.11095,undifferentiated,1940s-map
potential-map2-1463,50.37324,-4.11255,undifferentiated,1940s-map
potential-map2-1464,50.37345,-4.11152,undifferentiated,1940s-map
potential-map2-1465,50.37322,-4.11287,undifferentiated,1940s-map
potential-map2-1466,50.37334,-4.13533,undifferentiated,1940s-map
potential-map2-1467,50.37327,-4.12350,undifferentiated,1940s-map
potential-map2-1468,50.37336,-4.10952,undifferentiated,1940s-map
potential-map2-1469,50.37350,-4.08246,undifferentiated,1940s-map
potential-map2-1470,50.37322,-4.17936,undifferentiated,1940s-map
potential-map2-1471,50.37319,-4.16250,undifferentiated,1940s-map
potential-map2-1472,50.37321,-4.16125,undifferentiated,1940s-map
potential-map2-1473,50.37325,-4.15148,undifferentiated,1940s-map
potential-map2-1474,50.37289,-4.10807,undifferentiated,1940s-map
potential-map2-1475,50.37317,-4.10847,undifferentiated,1940s-map
potential-map2-1476,50.37328,-4.10793,undifferentiated,1940s-map
potential-map2-1477,50.37269,-4.10821,undifferentiated,1940s-map
potential-map2-1478,50.37326,-4.10701,undifferentiated,1940s-map
potential-map2-1479,50.37249,-4.10742,undifferentiated,1940s-map
potential-map2-1480,50.37299,-4.10733,undifferentiated,1940s-map
potential-map2-1481,50.37239,-4.10686,undifferentiated,1940s-map
potential-map2-1482,50.37274,-4.10740,undifferentiated,1940s-map
potential-map2-1483,50.37273,-4.10530,undifferentiated,1940s-map
potential-map2-1484,50.37239,-4.10447,undifferentiated,1940s-map
potential-map2-1485,50.37288,-4.10487,undifferentiated,1940s-map
potential-map2-1486,50.37276,-4.10618,undifferentiated,1940s-map
potential-map2-1487,50.37329,-4.10531,undifferentiated,1940s-map
potential-map2-1488,50.37239,-4.10587,undifferentiated,1940s-map
potential-map2-1489,50.37293,-4.10439,undifferentiated,1940s-map
potential-map2-1490,50.37231,-4.10391,undifferentiated,1940s-map
potential-map2-1491,50.37289,-4.10569,undifferentiated,1940s-map
potential-map2-1492,50.37260,-4.10483,undifferentiated,1940s-map
potential-map2-1493,50.37262,-4.10582,undifferentiated,1940s-map
potential-map2-1494,50.37312,-4.10508,undifferentiated,1940s-map
potential-map2-1495,50.37311,-4.14868,undifferentiated,1940s-map
potential-map2-1496,50.37282,-4.14018,undifferentiated,1940s-map
potential-map2-1497,50.37313,-4.13990,undifferentiated,1940s-map
potential-map2-1498,50.37304,-4.12506,undifferentiated,1940s-map
potential-map2-1499,50.37314,-4.11551,undifferentiated,1940s-map
potential-map2-1500,50.37321,-4.11359,undifferentiated,1940s-map
potential-map2-1501,50.37308,-4.18174,undifferentiated,1940s-map
potential-map2-1502,50.37303,-4.12975,undifferentiated,1940s-map
potential-map2-1503,50.37306,-4.12676,undifferentiated,1940s-map
potential-map2-1504,50.37308,-4.12050,undifferentiated,1940s-map
potential-map2-1505,50.37264,-4.12023,undifferentiated,1940s-map
potential-map2-1506,50.37283,-4.12040,undifferentiated,1940s-map
potential-map2-1507,50.37292,-4.16937,undifferentiated,1940s-map
potential-map2-1508,50.37297,-4.16321,undifferentiated,1940s-map
potential-map2-1509,50.37285,-4.16361,undifferentiated,1940s-map
potential-map2-1510,50.37292,-4.15296,undifferentiated,1940s-map
potential-map2-1511,50.37298,-4.13074,undifferentiated,1940s-map
potential-map2-1512,50.37283,-4.17906,undifferentiated,1940s-map
potential-map2-1513,50.37286,-4.13938,undifferentiated,1940s-map
potential-map2-1514,50.37282,-4.11396,undifferentiated,1940s-map
potential-map2-1515,50.37271,-4.18059,undifferentiated,1940s-map
potential-map2-1516,50.37273,-4.17685,undifferentiated,1940s-map
potential-map2-1517,50.37273,-4.17102,undifferentiated,1940s-map
potential-map2-1518,50.37268,-4.17026,undifferentiated,1940s-map
potential-map2-1519,50.37277,-4.13825,undifferentiated,1940s-map
potential-map2-1520,50.37283,-4.11921,undifferentiated,1940s-map
potential-map2-1521,50.37284,-4.10952,undifferentiated,1940s-map
potential-map2-1522,50.37267,-4.13699,undifferentiated,1940s-map
potential-map2-1523,50.37266,-4.12445,undifferentiated,1940s-map
potential-map2-1524,50.37275,-4.12277,undifferentiated,1940s-map
potential-map2-1525,50.37241,-4.12096,undifferentiated,1940s-map
potential-map2-1526,50.37220,-4.12021,undifferentiated,1940s-map
potential-map2-1527,50.37271,-4.12108,undifferentiated,1940s-map
potential-map2-1528,50.37232,-4.12062,undifferentiated,1940s-map
potential-map2-1529,50.37237,-4.12149,undifferentiated,1940s-map
potential-map2-1530,50.37273,-4.11588,undifferentiated,1940s-map
potential-map2-1531,50.37250,-4.17969,undifferentiated,1940s-map
potential-map2-1532,50.37262,-4.15870,undifferentiated,1940s-map
potential-map2-1533,50.37262,-4.15142,undifferentiated,1940s-map
potential-map2-1534,50.37258,-4.12870,undifferentiated,1940s-map
potential-map2-1535,50.37256,-4.17740,undifferentiated,1940s-map
potential-map2-1536,50.37221,-4.12515,undifferentiated,1940s-map
potential-map2-1537,50.37250,-4.12547,undifferentiated,1940s-map
potential-map2-1538,50.37259,-4.10312,undifferentiated,1940s-map
potential-map2-1539,50.37255,-4.10274,undifferentiated,1940s-map
potential-map2-1540,50.37231,-4.18385,undifferentiated,1940s-map
potential-map2-1541,50.37230,-4.16108,undifferentiated,1940s-map
potential-map2-1542,50.37238,-4.14885,undifferentiated,1940s-map
potential-map2-1543,50.37219,-4.13058,undifferentiated,1940s-map
potential-map2-1544,50.37242,-4.13022,undifferentiated,1940s-map
potential-map2-1545,50.37194,-4.13096,undifferentiated,1940s-map
potential-map2-1546,50.37247,-4.11283,undifferentiated,1940s-map
potential-map2-1547,50.37229,-4.18477,undifferentiated,1940s-map
potential-map2-1548,50.37193,-4.18047,undifferentiated,1940s-map
potential-map2-1549,50.37225,-4.18079,undifferentiated,1940s-map
potential-map2-1550,50.37228,-4.17860,undifferentiated,1940s-map
potential-map2-1551,50.37234,-4.11382,undifferentiated,1940s-map
potential-map2-1552,50.37216,-4.18234,undifferentiated,1940s-map
potential-map2-1553,50.37228,-4.15578,undifferentiated,1940s-map
potential-map2-1554,50.37221,-4.13986,undifferentiated,1940s-map
potential-map2-1555,50.37231,-4.11047,undifferentiated,1940s-map
potential-map2-1556,50.37206,-4.17977,undifferentiated,1940s-map
potential-map2-1557,50.37213,-4.16972,undifferentiated,1940s-map
potential-map2-1558,50.37217,-4.15074,undifferentiated,1940s-map
potential-map2-1559,50.37213,-4.14948,undifferentiated,1940s-map
potential-map2-1560,50.37215,-4.12623,undifferentiated,1940s-map
potential-map2-1561,50.37185,-4.12638,undifferentiated,1940s-map
potential-map2-1562,50.37205,-4.14059,undifferentiated,1940s-map
potential-map2-1563,50.37203,-4.12966,undifferentiated,1940s-map
potential-map2-1564,50.37196,-4.11363,undifferentiated,1940s-map
potential-map2-1565,50.37204,-4.11430,undifferentiated,1940s-map
potential-map2-1566,50.37206,-4.10628,undifferentiated,1940s-map
potential-map2-1567,50.37185,-4.15534,undifferentiated,1940s-map
potential-map2-1568,50.37199,-4.14177,undifferentiated,1940s-map
potential-map2-1569,50.37196,-4.13861,undifferentiated,1940s-map
potential-map2-1570,50.37199,-4.13741,undifferentiated,1940s-map
potential-map2-1571,50.37121,-4.12103,undifferentiated,1940s-map
potential-map2-1572,50.37181,-4.12144,undifferentiated,1940s-map
potential-map2-1573,50.37203,-4.12168,undifferentiated,1940s-map
potential-map2-1574,50.37150,-4.12135,undifferentiated,1940s-map
potential-map2-1575,50.37188,-4.11962,undifferentiated,1940s-map
potential-map2-1576,50.37190,-4.11847,undifferentiated,1940s-map
potential-map2-1577,50.37191,-4.10429,undifferentiated,1940s-map
potential-map2-1578,50.37176,-4.18337,undifferentiated,1940s-map
potential-map2-1579,50.37172,-4.16228,undifferentiated,1940s-map
potential-map2-1580,50.37177,-4.12068,undifferentiated,1940s-map
potential-map2-1581,50.37128,-4.18465,undifferentiated,1940s-map
potential-map2-1582,50.37156,-4.18543,undifferentiated,1940s-map
potential-map2-1583,50.37159,-4.18467,undifferentiated,1940s-map
potential-map2-1584,50.37167,-4.18098,undifferentiated,1940s-map
potential-map2-1585,50.37161,-4.17940,undifferentiated,1940s-map
potential-map2-1586,50.37171,-4.14906,undifferentiated,1940s-map
potential-map2-1587,50.37161,-4.14748,undifferentiated,1940s-map
potential-map2-1588,50.37175,-4.11171,undifferentiated,1940s-map
potential-map2-1589,50.37155,-4.16010,undifferentiated,1940s-map
potential-map2-1590,50.37160,-4.14830,undifferentiated,1940s-map
potential-map2-1591,50.37165,-4.13979,undifferentiated,1940s-map
potential-map2-1592,50.37151,-4.13508,undifferentiated,1940s-map
potential-map2-1593,50.37168,-4.13429,undifferentiated,1940s-map
potential-map2-1594,50.37151,-4.13467,undifferentiated,1940s-map
potential-map2-1595,50.37139,-4.13420,undifferentiated,1940s-map
potential-map2-1596,50.37111,-4.12697,undifferentiated,1940s-map
potential-map2-1597,50.37156,-4.12711,undifferentiated,1940s-map
potential-map2-1598,50.37155,-4.12781,undifferentiated,1940s-map
potential-map2-1599,50.37136,-4.12686,undifferentiated,1940s-map
potential-map2-1600,50.37168,-4.11323,undifferentiated,1940s-map
potential-map2-1601,50.37162,-4.10860,undifferentiated,1940s-map
potential-map2-1602,50.37147,-4.18643,undifferentiated,1940s-map
potential-map2-1603,50.37145,-4.15877,undifferentiated,1940s-map
potential-map2-1604,50.37154,-4.12297,undifferentiated,1940s-map
potential-map2-1605,50.37155,-4.12259,undifferentiated,1940s-map
potential-map2-1606,50.37158,-4.10378,undifferentiated,1940s-map
potential-map2-1607,50.37140,-4.18210,undifferentiated,1940s-map
potential-map2-1608,50.37115,-4.16333,undifferentiated,1940s-map
potential-map2-1609,50.37142,-4.16285,undifferentiated,1940s-map
potential-map2-1610,50.37134,-4.15151,undifferentiated,1940s-map
potential-map2-1611,50.37140,-4.14451,undifferentiated,1940s-map
potential-map2-1612,50.37144,-4.13754,undifferentiated,1940s-map
potential-map2-1613,50.37146,-4.11575,undifferentiated,1940s-map
potential-map2-1614,50.37126,-4.18066,undifferentiated,1940s-map
potential-map2-1615,50.37125,-4.17990,undifferentiated,1940s-map
potential-map2-1616,50.37143,-4.15692,undifferentiated,1940s-map
potential-map2-1617,50.37133,-4.13877,undifferentiated,1940s-map
potential-map2-1618,50.37135,-4.13310,undifferentiated,1940s-map
potential-map2-1619,50.37150,-4.11797,undifferentiated,1940s-map
potential-map2-1620,50.37115,-4.18768,undifferentiated,1940s-map
potential-map2-1621,50.37114,-4.18331,undifferentiated,1940s-map
potential-map2-1622,50.37099,-4.12799,undifferentiated,1940s-map
potential-map2-1623,50.37100,-4.12857,undifferentiated,1940s-map
potential-map2-1624,50.37060,-4.12802,undifferentiated,1940s-map
potential-map2-1625,50.37124,-4.12859,undifferentiated,1940s-map
potential-map2-1626,50.37111,-4.18572,undifferentiated,1940s-map
potential-map2-1627,50.37110,-4.17795,undifferentiated,1940s-map
potential-map2-1628,50.37115,-4.13697,undifferentiated,1940s-map
potential-map2-1629,50.37102,-4.16914,undifferentiated,1940s-map
potential-map2-1630,50.37111,-4.14734,undifferentiated,1940s-map
potential-map2-1631,50.37111,-4.11892,undifferentiated,1940s-map
potential-map2-1632,50.37095,-4.14363,undifferentiated,1940s-map
potential-map2-1633,50.37100,-4.13957,undifferentiated,1940s-map
potential-map2-1634,50.37102,-4.13458,undifferentiated,1940s-map
potential-map2-1635,50.37037,-4.12527,undifferentiated,1940s-map
potential-map2-1636,50.37055,-4.12601,undifferentiated,1940s-map
potential-map2-1637,50.37029,-4.12576,undifferentiated,1940s-map
potential-map2-1638,50.37022,-4.12466,undifferentiated,1940s-map
potential-map2-1639,50.37098,-4.12574,undifferentiated,1940s-map
potential-map2-1640,50.37072,-4.12473,undifferentiated,1940s-map
potential-map2-1641,50.37077,-4.12589,undifferentiated,1940s-map
potential-map2-1642,50.37047,-4.12490,undifferentiated,1940s-map
potential-map2-1643,50.37099,-4.11989,undifferentiated,1940s-map
potential-map2-1644,50.37088,-4.12021,undifferentiated,1940s-map
potential-map2-1645,50.37096,-4.11394,undifferentiated,1940s-map
potential-map2-1646,50.37087,-4.18200,undifferentiated,1940s-map
potential-map2-1647,50.37076,-4.16406,undifferentiated,1940s-map
potential-map2-1648,50.37093,-4.15705,undifferentiated,1940s-map
potential-map2-1649,50.37090,-4.14593,undifferentiated,1940s-map
potential-map2-1650,50.37083,-4.14431,undifferentiated,1940s-map
potential-map2-1651,50.37080,-4.14517,undifferentiated,1940s-map
potential-map2-1652,50.37088,-4.14479,undifferentiated,1940s-map
potential-map2-1653,50.37078,-4.17908,undifferentiated,1940s-map
potential-map2-1654,50.37072,-4.16817,undifferentiated,1940s-map
potential-map2-1655,50.37077,-4.15820,undifferentiated,1940s-map
potential-map2-1656,50.37008,-4.14121,undifferentiated,1940s-map
potential-map2-1657,50.36981,-4.14292,undifferentiated,1940s-map
potential-map2-1658,50.37065,-4.14192,undifferentiated,1940s-map
potential-map2-1659,50.37031,-4.14262,undifferentiated,1940s-map
potential-map2-1660,50.37012,-4.14330,undifferentiated,1940s-map
potential-map2-1661,50.37013,-4.14184,undifferentiated,1940s-map
potential-map2-1662,50.37085,-4.14180,undifferentiated,1940s-map
potential-map2-1663,50.37002,-4.14248,undifferentiated,1940s-map
potential-map2-1664,50.37042,-4.14195,undifferentiated,1940s-map
potential-map2-1665,50.37042,-4.12350,undifferentiated,1940s-map
potential-map2-1666,50.37063,-4.12366,undifferentiated,1940s-map
potential-map2-1667,50.37087,-4.12370,undifferentiated,1940s-map
potential-map2-1668,50.37078,-4.12194,undifferentiated,1940s-map
potential-map2-1669,50.37080,-4.11292,undifferentiated,1940s-map
potential-map2-1670,50.37085,-4.10405,undifferentiated,1940s-map
potential-map2-1671,50.37061,-4.17754,undifferentiated,1940s-map
potential-map2-1672,50.37075,-4.14277,undifferentiated,1940s-map
potential-map2-1673,50.37031,-4.13413,undifferentiated,1940s-map
potential-map2-1674,50.37044,-4.13314,undifferentiated,1940s-map
potential-map2-1675,50.36996,-4.13505,undifferentiated,1940s-map
potential-map2-1676,50.36968,-4.13476,undifferentiated,1940s-map
potential-map2-1677,50.37024,-4.13473,undifferentiated,1940s-map
potential-map2-1678,50.37063,-4.13412,undifferentiated,1940s-map
potential-map2-1679,50.37038,-4.13352,undifferentiated,1940s-map
potential-map2-1680,50.37020,-4.13291,undifferentiated,1940s-map
potential-map2-1681,50.37064,-4.12701,undifferentiated,1940s-map
potential-map2-1682,50.37066,-4.11662,undifferentiated,1940s-map
potential-map2-1683,50.37056,-4.10876,undifferentiated,1940s-map
potential-map2-1684,50.37060,-4.10835,undifferentiated,1940s-map
potential-map2-1685,50.37070,-4.10658,undifferentiated,1940s-map
potential-map2-1686,50.37012,-4.18317,undifferentiated,1940s-map
potential-map2-1687,50.37048,-4.18336,undifferentiated,1940s-map
potential-map2-1688,50.37049,-4.16725,undifferentiated,1940s-map
potential-map2-1689,50.37036,-4.10237,undifferentiated,1940s-map
potential-map2-1690,50.37058,-4.10214,undifferentiated,1940s-map
potential-map2-1691,50.37046,-4.14869,undifferentiated,1940s-map
potential-map2-1692,50.37033,-4.16129,undifferentiated,1940s-map
potential-map2-1693,50.37029,-4.16095,undifferentiated,1940s-map
potential-map2-1694,50.36990,-4.13719,undifferentiated,1940s-map
potential-map2-1695,50.36909,-4.13741,undifferentiated,1940s-map
potential-map2-1696,50.36962,-4.13833,undifferentiated,1940s-map
potential-map2-1697,50.36921,-4.13692,undifferentiated,1940s-map
potential-map2-1698,50.37034,-4.13921,undifferentiated,1940s-map
potential-map2-1699,50.36919,-4.13833,undifferentiated,1940s-map
potential-map2-1700,50.37007,-4.13884,undifferentiated,1940s-map
potential-map2-1701,50.36961,-4.13773,undifferentiated,1940s-map
potential-map2-1702,50.36885,-4.13678,undifferentiated,1940s-map
potential-map2-1703,50.36930,-4.13778,undifferentiated,1940s-map
potential-map2-1704,50.36951,-4.13720,undifferentiated,1940s-map
potential-map2-1705,50.36978,-4.13899,undifferentiated,1940s-map
potential-map2-1706,50.36858,-4.13709,undifferentiated,1940s-map
potential-map2-1707,50.36863,-4.13767,undifferentiated,1940s-map
potential-map2-1708,50.36992,-4.12974,undifferentiated,1940s-map
potential-map2-1709,50.37038,-4.12937,undifferentiated,1940s-map
potential-map2-1710,50.37009,-4.12947,undifferentiated,1940s-map
potential-map2-1711,50.37045,-4.11248,undifferentiated,1940s-map
potential-map2-1712,50.37043,-4.10341,undifferentiated,1940s-map
potential-map2-1713,50.37033,-4.12150,undifferentiated,1940s-map
potential-map2-1714,50.37011,-4.12109,undifferentiated,1940s-map
potential-map2-1715,50.37027,-4.11932,undifferentiated,1940s-map
potential-map2-1716,50.37012,-4.17640,undifferentiated,1940s-map
potential-map2-1717,50.37013,-4.16599,undifferentiated,1940s-map
potential-map2-1718,50.37008,-4.13792,undifferentiated,1940s-map
potential-map2-1719,50.37024,-4.12846,undifferentiated,1940s-map
potential-map2-1720,50.37016,-4.12747,undifferentiated,1940s-map
potential-map2-1721,50.36957,-4.11332,undifferentiated,1940s-map
potential-map2-1722,50.37020,-4.11308,undifferentiated,1940s-map
potential-map2-1723,50.36974,-4.11275,undifferentiated,1940s-map
potential-map2-1724,50.37004,-4.11360,undifferentiated,1940s-map
potential-map2-1725,50.36973,-4.11360,undifferentiated,1940s-map
potential-map2-1726,50.37003,-4.17715,undifferentiated,1940s-map
potential-map2-1727,50.37004,-4.16769,undifferentiated,1940s-map
potential-map2-1728,50.37003,-4.16671,undifferentiated,1940s-map
potential-map2-1729,50.36999,-4.16249,undifferentiated,1940s-map
potential-map2-1730,50.36974,-4.13610,undifferentiated,1940s-map
potential-map2-1731,50.37005,-4.13634,undifferentiated,1940s-map
potential-map2-1732,50.37009,-4.11824,undifferentiated,1940s-map
potential-map2-1733,50.36984,-4.10954,undifferentiated,1940s-map
potential-map2-1734,50.37015,-4.10830,undifferentiated,1940s-map
potential-map2-1735,50.37015,-4.11039,undifferentiated,1940s-map
potential-map2-1736,50.37015,-4.10950,undifferentiated,1940s-map
potential-map2-1737,50.36975,-4.10984,undifferentiated,1940s-map
potential-map2-1738,50.37008,-4.10887,undifferentiated,1940s-map
potential-map2-1739,50.36979,-4.10859,undifferentiated,1940s-map
potential-map2-1740,50.37017,-4.10496,undifferentiated,1940s-map
potential-map2-1741,50.37000,-4.10514,undifferentiated,1940s-map
potential-map2-1742,50.36988,-4.18251,undifferentiated,1940s-map
potential-map2-1743,50.36971,-4.12303,undifferentiated,1940s-map
potential-map2-1744,50.36997,-4.12368,undifferentiated,1940s-map
potential-map2-1745,50.36989,-4.12313,undifferentiated,1940s-map
potential-map2-1746,50.36999,-4.12223,undifferentiated,1940s-map
potential-map2-1747,50.36997,-4.11999,undifferentiated,1940s-map
potential-map2-1748,50.36921,-4.11933,undifferentiated,1940s-map
potential-map2-1749,50.36962,-4.12026,undifferentiated,1940s-map
potential-map2-1750,50.36929,-4.12002,undifferentiated,1940s-map
potential-map2-1751,50.36904,-4.11945,undifferentiated,1940s-map
potential-map2-1752,50.37008,-4.10720,undifferentiated,1940s-map
potential-map2-1753,50.36989,-4.10736,undifferentiated,1940s-map
potential-map2-1754,50.36984,-4.18023,undifferentiated,1940s-map
potential-map2-1755,50.36985,-4.13386,undifferentiated,1940s-map
potential-map2-1756,50.36980,-4.10271,undifferentiated,1940s-map
potential-map2-1757,50.36993,-4.10351,undifferentiated,1940s-map
potential-map2-1758,50.36991,-4.10413,undifferentiated,1940s-map
potential-map2-1759,50.36995,-4.10309,undifferentiated,1940s-map
potential-map2-1760,50.36972,-4.16119,undifferentiated,1940s-map
potential-map2-1761,50.36941,-4.15821,undifferentiated,1940s-map
potential-map2-1762,50.36985,-4.15812,undifferentiated,1940s-map
potential-map2-1763,50.36973,-4.15866,undifferentiated,1940s-map
potential-map2-1764,50.36959,-4.15797,undifferentiated,1940s-map
potential-map2-1765,50.36972,-4.12794,undifferentiated,1940s-map
potential-map2-1766,50.36983,-4.12851,undifferentiated,1940s-map
potential-map2-1767,50.36967,-4.17588,undifferentiated,1940s-map
potential-map2-1768,50.36945,-4.17597,undifferentiated,1940s-map
potential-map2-1769,50.36973,-4.14544,undifferentiated,1940s-map
potential-map2-1770,50.36970,-4.12501,undifferentiated,1940s-map
potential-map2-1771,50.36979,-4.11059,undifferentiated,1940s-map
potential-map2-1772,50.36960,-4.11055,undifferentiated,1940s-map
potential-map2-1773,50.36958,-4.18123,undifferentiated,1940s-map
potential-map2-1774,50.36962,-4.16521,undifferentiated,1940s-map
potential-map2-1775,50.36960,-4.14371,undifferentiated,1940s-map
potential-map2-1776,50.36932,-4.14101,undifferentiated,1940s-map
potential-map2-1777,50.36967,-4.14124,undifferentiated,1940s-map
potential-map2-1778,50.36961,-4.14042,undifferentiated,1940s-map
potential-map2-1779,50.36966,-4.13268,undifferentiated,1940s-map
potential-map2-1780,50.36966,-4.12931,undifferentiated,1940s-map
potential-map2-1781,50.36950,-4.12911,undifferentiated,1940s-map
potential-map2-1782,50.36966,-4.12698,undifferentiated,1940s-map
potential-map2-1783,50.36962,-4.12169,undifferentiated,1940s-map
potential-map2-1784,50.36952,-4.12231,undifferentiated,1940s-map
potential-map2-1785,50.36936,-4.12265,undifferentiated,1940s-map
potential-map2-1786,50.36945,-4.17928,undifferentiated,1940s-map
potential-map2-1787,50.36938,-4.17861,undifferentiated,1940s-map
potential-map2-1788,50.36949,-4.16239,undifferentiated,1940s-map
potential-map2-1789,50.36952,-4.15986,undifferentiated,1940s-map
potential-map2-1790,50.36951,-4.13164,undifferentiated,1940s-map
potential-map2-1791,50.36950,-4.12386,undifferentiated,1940s-map
potential-map2-1792,50.36951,-4.10531,undifferentiated,1940s-map
potential-map2-1793,50.36957,-4.10502,undifferentiated,1940s-map
potential-map2-1794,50.36936,-4.18220,undifferentiated,1940s-map
potential-map2-1795,50.36943,-4.18284,undifferentiated,1940s-map
potential-map2-1796,50.36941,-4.18011,undifferentiated,1940s-map
potential-map2-1797,50.36940,-4.16759,undifferentiated,1940s-map
potential-map2-1798,50.36940,-4.16690,undifferentiated,1940s-map
potential-map2-1799,50.36945,-4.16616,undifferentiated,1940s-map
potential-map2-1800,50.36947,-4.15086,undifferentiated,1940s-map
potential-map2-1801,50.36920,-4.15050,undifferentiated,1940s-map
potential-map2-1802,50.36941,-4.14245,undifferentiated,1940s-map
potential-map2-1803,50.36941,-4.13910,undifferentiated,1940s-map
potential-map2-1804,50.36942,-4.13952,undifferentiated,1940s-map
potential-map2-1805,50.36935,-4.12828,undifferentiated,1940s-map
potential-map2-1806,50.36940,-4.12610,undifferentiated,1940s-map
potential-map2-1807,50.36931,-4.12087,undifferentiated,1940s-map
potential-map2-1808,50.36938,-4.11870,undifferentiated,1940s-map
potential-map2-1809,50.36929,-4.11822,undifferentiated,1940s-map
potential-map2-1810,50.36934,-4.11654,undifferentiated,1940s-map
potential-map2-1811,50.36939,-4.10607,undifferentiated,1940s-map
potential-map2-1812,50.36923,-4.15719,undifferentiated,1940s-map
potential-map2-1813,50.36900,-4.14703,undifferentiated,1940s-map
potential-map2-1814,50.36802,-4.14508,undifferentiated,1940s-map
potential-map2-1815,50.36828,-4.14480,undifferentiated,1940s-map
potential-map2-1816,50.36739,-4.14438,undifferentiated,1940s-map
potential-map2-1817,50.36755,-4.14573,undifferentiated,1940s-map
potential-map2-1818,50.36811,-4.14637,undifferentiated,1940s-map
potential-map2-1819,50.36745,-4.14510,undifferentiated,1940s-map
potential-map2-1820,50.36926,-4.14654,undifferentiated,1940s-map
potential-map2-1821,50.36845,-4.14658,undifferentiated,1940s-map
potential-map2-1822,50.36772,-4.14450,undifferentiated,1940s-map
potential-map2-1823,50.36772,-4.14628,undifferentiated,1940s-map
potential-map2-1824,50.36797,-4.14571,undifferentiated,1940s-map
potential-map2-1825,50.36726,-4.14384,undifferentiated,1940s-map
potential-map2-1826,50.36877,-4.14661,undifferentiated,1940s-map
potential-map2-1827,50.36921,-4.14417,undifferentiated,1940s-map
potential-map2-1828,50.36907,-4.14515,undifferentiated,1940s-map
potential-map2-1829,50.36931,-4.14550,undifferentiated,1940s-map
potential-map2-1830,50.36892,-4.14543,undifferentiated,1940s-map
potential-map2-1831,50.36924,-4.14474,undifferentiated,1940s-map
potential-map2-1832,50.36927,-4.13462,undifferentiated,1940s-map
potential-map2-1833,50.36931,-4.11511,undifferentiated,1940s-map
potential-map2-1834,50.36937,-4.10205,undifferentiated,1940s-map
potential-map2-1835,50.36928,-4.10232,undifferentiated,1940s-map
potential-map2-1836,50.36914,-4.16930,undifferentiated,1940s-map
potential-map2-1837,50.36915,-4.15124,undifferentiated,1940s-map
potential-map2-1838,50.36912,-4.14952,undifferentiated,1940s-map
potential-map2-1839,50.36921,-4.14857,undifferentiated,1940s-map
potential-map2-1840,50.36923,-4.13387,undifferentiated,1940s-map
potential-map2-1841,50.36918,-4.13277,undifferentiated,1940s-map
potential-map2-1842,50.36893,-4.11374,undifferentiated,1940s-map
potential-map2-1843,50.36918,-4.11336,undifferentiated,1940s-map
potential-map2-1844,50.36923,-4.11424,undifferentiated,1940s-map
potential-map2-1845,50.36912,-4.11388,undifferentiated,1940s-map
potential-map2-1846,50.36921,-4.11013,undifferentiated,1940s-map
potential-map2-1847,50.36915,-4.11044,undifferentiated,1940s-map
potential-map2-1848,50.36898,-4.16559,undifferentiated,1940s-map
potential-map2-1849,50.36897,-4.16593,undifferentiated,1940s-map
potential-map2-1850,50.36878,-4.14207,undifferentiated,1940s-map
potential-map2-1851,50.36905,-4.14152,undifferentiated,1940s-map
potential-map2-1852,50.36899,-4.14210,undifferentiated,1940s-map
potential-map2-1853,50.36910,-4.12454,undifferentiated,1940s-map
potential-map2-1854,50.36894,-4.17159,undifferentiated,1940s-map
potential-map2-1855,50.36888,-4.17070,undifferentiated,1940s-map
potential-map2-1856,50.36896,-4.16663,undifferentiated,1940s-map
potential-map2-1857,50.36899,-4.16730,undifferentiated,1940s-map
potential-map2-1858,50.36898,-4.16198,undifferentiated,1940s-map
potential-map2-1859,50.36894,-4.15931,undifferentiated,1940s-map
potential-map2-1860,50.36898,-4.15845,undifferentiated,1940s-map
potential-map2-1861,50.36881,-4.15865,undifferentiated,1940s-map
potential-map2-1862,50.36898,-4.15517,undifferentiated,1940s-map
potential-map2-1863,50.36893,-4.15357,undifferentiated,1940s-map
potential-map2-1864,50.36901,-4.13604,undifferentiated,1940s-map
potential-map2-1865,50.36902,-4.12348,undifferentiated,1940s-map
potential-map2-1866,50.36901,-4.12177,undifferentiated,1940s-map
potential-map2-1867,50.36878,-4.11749,undifferentiated,1940s-map
potential-map2-1868,50.36901,-4.11704,undifferentiated,1940s-map
potential-map2-1869,50.36883,-4.18195,undifferentiated,1940s-map
potential-map2-1870,50.36887,-4.12036,undifferentiated,1940s-map
potential-map2-1871,50.36890,-4.10489,undifferentiated,1940s-map
potential-map2-1872,50.36874,-4.16983,undifferentiated,1940s-map
potential-map2-1873,50.36879,-4.16307,undifferentiated,1940s-map
potential-map2-1874,50.36831,-4.13991,undifferentiated,1940s-map
potential-map2-1875,50.36860,-4.14039,undifferentiated,1940s-map
potential-map2-1876,50.36883,-4.14044,undifferentiated,1940s-map
potential-map2-1877,50.36833,-4.14054,undifferentiated,1940s-map
potential-map2-1878,50.36883,-4.13473,undifferentiated,1940s-map
potential-map2-1879,50.36883,-4.13033,undifferentiated,1940s-map
potential-map2-1880,50.36886,-4.11486,undifferentiated,1940s-map
potential-map2-1881,50.36872,-4.15747,undifferentiated,1940s-map
potential-map2-1882,50.36836,-4.15755,undifferentiated,1940s-map
potential-map2-1883,50.36822,-4.15813,undifferentiated,1940s-map
potential-map2-1884,50.36865,-4.15410,undifferentiated,1940s-map
potential-map2-1885,50.36876,-4.13281,undifferentiated,1940s-map
potential-map2-1886,50.36874,-4.13161,undifferentiated,1940s-map
potential-map2-1887,50.36854,-4.17948,undifferentiated,1940s-map
potential-map2-1888,50.36860,-4.16751,undifferentiated,1940s-map
potential-map2-1889,50.36854,-4.16655,undifferentiated,1940s-map
potential-map2-1890,50.36834,-4.16499,undifferentiated,1940s-map
potential-map2-1891,50.36849,-4.16544,undifferentiated,1940s-map
potential-map2-1892,50.36834,-4.15360,undifferentiated,1940s-map
potential-map2-1893,50.36853,-4.15317,undifferentiated,1940s-map
potential-map2-1894,50.36857,-4.13556,undifferentiated,1940s-map
potential-map2-1895,50.36856,-4.13371,undifferentiated,1940s-map
potential-map2-1896,50.36856,-4.12339,undifferentiated,1940s-map
potential-map2-1897,50.36862,-4.11590,undifferentiated,1940s-map
potential-map2-1898,50.36861,-4.10062,undifferentiated,1940s-map
potential-map2-1899,50.36839,-4.16260,undifferentiated,1940s-map
potential-map2-1900,50.36741,-4.14962,undifferentiated,1940s-map
potential-map2-1901,50.36756,-4.14825,undifferentiated,1940s-map
potential-map2-1902,50.36730,-4.15139,undifferentiated,1940s-map
potential-map2-1903,50.36716,-4.14762,undifferentiated,1940s-map
potential-map2-1904,50.36650,-4.15060,undifferentiated,1940s-map
potential-map2-1905,50.36820,-4.14941,undifferentiated,1940s-map
potential-map2-1906,50.36700,-4.14897,undifferentiated,1940s-map
potential-map2-1907,50.36829,-4.14778,undifferentiated,1940s-map
potential-map2-1908,50.36785,-4.15059,undifferentiated,1940s-map
potential-map2-1909,50.36683,-4.15031,undifferentiated,1940s-map
potential-map2-1910,50.36763,-4.14727,undifferentiated,1940s-map
potential-map2-1911,50.36807,-4.14829,undifferentiated,1940s-map
potential-map2-1912,50.36816,-4.15014,undifferentiated,1940s-map
potential-map2-1913,50.36808,-4.14710,undifferentiated,1940s-map
potential-map2-1914,50.36729,-4.14858,undifferentiated,1940s-map
potential-map2-1915,50.36732,-4.14695,undifferentiated,1940s-map
potential-map2-1916,50.36846,-4.14855,undifferentiated,1940s-map
potential-map2-1917,50.36816,-4.14881,undifferentiated,1940s-map
potential-map2-1918,50.36671,-4.15114,undifferentiated,1940s-map
potential-map2-1919,50.36767,-4.15134,undifferentiated,1940s-map
potential-map2-1920,50.36666,-4.14957,undifferentiated,1940s-map
potential-map2-1921,50.36706,-4.14955,undifferentiated,1940s-map
potential-map2-1922,50.36718,-4.15077,undifferentiated,1940s-map
potential-map2-1923,50.36785,-4.14792,undifferentiated,1940s-map
potential-map2-1924,50.36735,-4.15021,undifferentiated,1940s-map
potential-map2-1925,50.36848,-4.13843,undifferentiated,1940s-map
potential-map2-1926,50.36816,-4.13826,undifferentiated,1940s-map
potential-map2-1927,50.36838,-4.13619,undifferentiated,1940s-map
potential-map2-1928,50.36837,-4.12197,undifferentiated,1940s-map
potential-map2-1929,50.36852,-4.10843,undifferentiated,1940s-map
potential-map2-1930,50.36827,-4.18158,undifferentiated,1940s-map
potential-map2-1931,50.36798,-4.15498,undifferentiated,1940s-map
potential-map2-1932,50.36788,-4.15568,undifferentiated,1940s-map
potential-map2-1933,50.36829,-4.15486,undifferentiated,1940s-map
potential-map2-1934,50.36771,-4.15438,undifferentiated,1940s-map
potential-map2-1935,50.36782,-4.15468,undifferentiated,1940s-map
potential-map2-1936,50.36831,-4.14390,undifferentiated,1940s-map
potential-map2-1937,50.36824,-4.13509,undifferentiated,1940s-map
potential-map2-1938,50.36829,-4.12429,undifferentiated,1940s-map
potential-map2-1939,50.36816,-4.15676,undifferentiated,1940s-map
potential-map2-1940,50.36814,-4.15156,undifferentiated,1940s-map
potential-map2-1941,50.36811,-4.14250,undifferentiated,1940s-map
potential-map2-1942,50.36825,-4.14211,undifferentiated,1940s-map
potential-map2-1943,50.36814,-4.13925,undifferentiated,1940s-map
potential-map2-1944,50.36779,-4.13935,undifferentiated,1940s-map
potential-map2-1945,50.36821,-4.13284,undifferentiated,1940s-map
potential-map2-1946,50.36830,-4.09323,undifferentiated,1940s-map
potential-map2-1947,50.36810,-4.16978,undifferentiated,1940s-map
potential-map2-1948,50.36813,-4.11539,undifferentiated,1940s-map
potential-map2-1949,50.36772,-4.09964,undifferentiated,1940s-map
potential-map2-1950,50.36814,-4.09960,undifferentiated,1940s-map
potential-map2-1951,50.36801,-4.17828,undifferentiated,1940s-map
potential-map2-1952,50.36792,-4.17699,undifferentiated,1940s-map
potential-map2-1953,50.36800,-4.16214,undifferentiated,1940s-map
potential-map2-1954,50.36792,-4.16157,undifferentiated,1940s-map
potential-map2-1955,50.36803,-4.13424,undifferentiated,1940s-map
potential-map2-1956,50.36806,-4.13153,undifferentiated,1940s-map
potential-map2-1957,50.36808,-4.11623,undifferentiated,1940s-map
potential-map2-1958,50.36793,-4.14028,undifferentiated,1940s-map
potential-map2-1959,50.36778,-4.16819,undifferentiated,1940s-map
potential-map2-1960,50.36786,-4.15936,undifferentiated,1940s-map
potential-map2-1961,50.36770,-4.15685,undifferentiated,1940s-map
potential-map2-1962,50.36740,-4.15760,undifferentiated,1940s-map
potential-map2-1963,50.36770,-4.15723,undifferentiated,1940s-map
potential-map2-1964,50.36700,-4.15769,undifferentiated,1940s-map
potential-map2-1965,50.36758,-4.15811,undifferentiated,1940s-map
potential-map2-1966,50.36784,-4.15781,undifferentiated,1940s-map
potential-map2-1967,50.36775,-4.15645,undifferentiated,1940s-map
potential-map2-1968,50.36787,-4.13241,undifferentiated,1940s-map
potential-map2-1969,50.36774,-4.10882,undifferentiated,1940s-map
potential-map2-1970,50.36791,-4.10935,undifferentiated,1940s-map
potential-map2-1971,50.36774,-4.10852,undifferentiated,1940s-map
potential-map2-1972,50.36785,-4.10470,undifferentiated,1940s-map
potential-map2-1973,50.36759,-4.16702,undifferentiated,1940s-map
potential-map2-1974,50.36760,-4.16225,undifferentiated,1940s-map
potential-map2-1975,50.36762,-4.13849,undifferentiated,1940s-map
potential-map2-1976,50.36764,-4.13385,undifferentiated,1940s-map
potential-map2-1977,50.36773,-4.09787,undifferentiated,1940s-map
potential-map2-1978,50.36756,-4.17645,undifferentiated,1940s-map
potential-map2-1979,50.36762,-4.14191,undifferentiated,1940s-map
potential-map2-1980,50.36762,-4.12807,undifferentiated,1940s-map
potential-map2-1981,50.36747,-4.17816,undifferentiated,1940s-map
potential-map2-1982,50.36745,-4.16026,undifferentiated,1940s-map
potential-map2-1983,50.36691,-4.12263,undifferentiated,1940s-map
potential-map2-1984,50.36757,-4.12264,undifferentiated,1940s-map
potential-map2-1985,50.36733,-4.12201,undifferentiated,1940s-map
potential-map2-1986,50.36722,-4.12290,undifferentiated,1940s-map
potential-map2-1987,50.36742,-4.12236,undifferentiated,1940s-map
potential-map2-1988,50.36735,-4.17531,undifferentiated,1940s-map
potential-map2-1989,50.36737,-4.16312,undifferentiated,1940s-map
potential-map2-1990,50.36733,-4.16088,undifferentiated,1940s-map
potential-map2-1991,50.36739,-4.14061,undifferentiated,1940s-map
potential-map2-1992,50.36738,-4.13992,undifferentiated,1940s-map
potential-map2-1993,50.36746,-4.12075,undifferentiated,1940s-map
potential-map2-1994,50.36729,-4.15946,undifferentiated,1940s-map
potential-map2-1995,50.36733,-4.15469,undifferentiated,1940s-map
potential-map2-1996,50.36724,-4.15517,undifferentiated,1940s-map
potential-map2-1997,50.36729,-4.15269,undifferentiated,1940s-map
potential-map2-1998,50.36713,-4.17174,undifferentiated,1940s-map
potential-map2-1999,50.36716,-4.15849,undifferentiated,1940s-map
potential-map2-2000,50.36719,-4.15617,undifferentiated,1940s-map
potential-map2-2001,50.36718,-4.14233,undifferentiated,1940s-map
potential-map2-2002,50.36725,-4.13778,undifferentiated,1940s-map
potential-map2-2003,50.36723,-4.13266,undifferentiated,1940s-map
potential-map2-2004,50.36720,-4.13133,undifferentiated,1940s-map
potential-map2-2005,50.36728,-4.12821,undifferentiated,1940s-map
potential-map2-2006,50.36728,-4.12696,undifferentiated,1940s-map
potential-map2-2007,50.36729,-4.12757,undifferentiated,1940s-map
potential-map2-2008,50.36726,-4.12610,undifferentiated,1940s-map
potential-map2-2009,50.36718,-4.11227,undifferentiated,1940s-map
potential-map2-2010,50.36724,-4.08731,undifferentiated,1940s-map
potential-map2-2011,50.36710,-4.16155,undifferentiated,1940s-map
potential-map2-2012,50.36670,-4.13857,undifferentiated,1940s-map
potential-map2-2013,50.36708,-4.13864,undifferentiated,1940s-map
potential-map2-2014,50.36714,-4.13683,undifferentiated,1940s-map
potential-map2-2015,50.36707,-4.11781,undifferentiated,1940s-map
potential-map2-2016,50.36713,-4.08966,undifferentiated,1940s-map
potential-map2-2017,50.36694,-4.16004,undifferentiated,1940s-map
potential-map2-2018,50.36693,-4.14062,undifferentiated,1940s-map
potential-map2-2019,50.36695,-4.13527,undifferentiated,1940s-map
potential-map2-2020,50.36548,-4.11250,undifferentiated,1940s-map
potential-map2-2021,50.36608,-4.11406,undifferentiated,1940s-map
potential-map2-2022,50.36536,-4.11431,undifferentiated,1940s-map
potential-map2-2023,50.36667,-4.11389,undifferentiated,1940s-map
potential-map2-2024,50.36567,-4.11362,undifferentiated,1940s-map
potential-map2-2025,50.36563,-4.11559,undifferentiated,1940s-map
potential-map2-2026,50.36622,-4.11285,undifferentiated,1940s-map
potential-map2-2027,50.36593,-4.11328,undifferentiated,1940s-map
potential-map2-2028,50.36556,-4.11406,undifferentiated,1940s-map
potential-map2-2029,50.36586,-4.11251,undifferentiated,1940s-map
potential-map2-2030,50.36700,-4.11428,undifferentiated,1940s-map
potential-map2-2031,50.36534,-4.11503,undifferentiated,1940s-map
potential-map2-2032,50.36630,-4.11359,undifferentiated,1940s-map
potential-map2-2033,50.36550,-4.11308,undifferentiated,1940s-map
potential-map2-2034,50.36643,-4.10891,undifferentiated,1940s-map
potential-map2-2035,50.36688,-4.10925,undifferentiated,1940s-map
potential-map2-2036,50.36705,-4.10898,undifferentiated,1940s-map
potential-map2-2037,50.36660,-4.10913,undifferentiated,1940s-map
potential-map2-2038,50.36685,-4.14672,undifferentiated,1940s-map
potential-map2-2039,50.36684,-4.13726,undifferentiated,1940s-map
potential-map2-2040,50.36694,-4.11051,undifferentiated,1940s-map
potential-map2-2041,50.36672,-4.16762,undifferentiated,1940s-map
potential-map2-2042,50.36670,-4.16271,undifferentiated,1940s-map
potential-map2-2043,50.36678,-4.16209,undifferentiated,1940s-map
potential-map2-2044,50.36669,-4.15518,undifferentiated,1940s-map
potential-map2-2045,50.36680,-4.14199,undifferentiated,1940s-map
potential-map2-2046,50.36678,-4.11669,undifferentiated,1940s-map
potential-map2-2047,50.36662,-4.17613,undifferentiated,1940s-map
potential-map2-2048,50.36670,-4.15245,undifferentiated,1940s-map
potential-map2-2049,50.36659,-4.15339,undifferentiated,1940s-map
potential-map2-2050,50.36660,-4.15299,undifferentiated,1940s-map
potential-map2-2051,50.36665,-4.14753,undifferentiated,1940s-map
potential-map2-2052,50.36653,-4.11519,undifferentiated,1940s-map
potential-map2-2053,50.36600,-4.11462,undifferentiated,1940s-map
potential-map2-2054,50.36655,-4.13958,undifferentiated,1940s-map
potential-map2-2055,50.36598,-4.11852,undifferentiated,1940s-map
potential-map2-2056,50.36667,-4.11879,undifferentiated,1940s-map
potential-map2-2057,50.36646,-4.11840,undifferentiated,1940s-map
potential-map2-2058,50.36659,-4.11781,undifferentiated,1940s-map
potential-map2-2059,50.36610,-4.11829,undifferentiated,1940s-map
potential-map2-2060,50.36673,-4.08664,undifferentiated,1940s-map
potential-map2-2061,50.36644,-4.17400,undifferentiated,1940s-map
potential-map2-2062,50.36644,-4.15748,undifferentiated,1940s-map
potential-map2-2063,50.36642,-4.10508,undifferentiated,1940s-map
potential-map2-2064,50.36653,-4.10471,undifferentiated,1940s-map
potential-map2-2065,50.36654,-4.09978,undifferentiated,1940s-map
potential-map2-2066,50.36644,-4.15440,undifferentiated,1940s-map
potential-map2-2067,50.36596,-4.14469,undifferentiated,1940s-map
potential-map2-2068,50.36634,-4.14466,undifferentiated,1940s-map
potential-map2-2069,50.36638,-4.14369,undifferentiated,1940s-map
potential-map2-2070,50.36642,-4.13716,undifferentiated,1940s-map
potential-map2-2071,50.36642,-4.12473,undifferentiated,1940s-map
potential-map2-2072,50.36646,-4.12379,undifferentiated,1940s-map
potential-map2-2073,50.36645,-4.12315,undifferentiated,1940s-map
potential-map2-2074,50.36627,-4.17536,undifferentiated,1940s-map
potential-map2-2075,50.36622,-4.15121,undifferentiated,1940s-map
potential-map2-2076,50.36642,-4.14841,undifferentiated,1940s-map
potential-map2-2077,50.36637,-4.13056,undifferentiated,1940s-map
potential-map2-2078,50.36638,-4.11729,undifferentiated,1940s-map
potential-map2-2079,50.36625,-4.15582,undifferentiated,1940s-map
potential-map2-2080,50.36596,-4.14588,undifferentiated,1940s-map
potential-map2-2081,50.36621,-4.14633,undifferentiated,1940s-map
potential-map2-2082,50.36581,-4.12068,undifferentiated,1940s-map
potential-map2-2083,50.36620,-4.12009,undifferentiated,1940s-map
potential-map2-2084,50.36585,-4.11988,undifferentiated,1940s-map
potential-map2-2085,50.36626,-4.12070,undifferentiated,1940s-map
potential-map2-2086,50.36601,-4.12056,undifferentiated,1940s-map
potential-map2-2087,50.36625,-4.09199,undifferentiated,1940s-map
potential-map2-2088,50.36618,-4.13133,undifferentiated,1940s-map
potential-map2-2089,50.36619,-4.11921,undifferentiated,1940s-map
potential-map2-2090,50.36601,-4.15960,undifferentiated,1940s-map
potential-map2-2091,50.36592,-4.16069,undifferentiated,1940s-map
potential-map2-2092,50.36597,-4.16019,undifferentiated,1940s-map
potential-map2-2093,50.36603,-4.15704,undifferentiated,1940s-map
potential-map2-2094,50.36602,-4.15177,undifferentiated,1940s-map
potential-map2-2095,50.36587,-4.15202,undifferentiated,1940s-map
potential-map2-2096,50.36604,-4.15029,undifferentiated,1940s-map
potential-map2-2097,50.36606,-4.11606,undifferentiated,1940s-map
potential-map2-2098,50.36583,-4.11661,undifferentiated,1940s-map
potential-map2-2099,50.36590,-4.16200,undifferentiated,1940s-map
potential-map2-2100,50.36596,-4.14271,undifferentiated,1940s-map
potential-map2-2101,50.36606,-4.11175,undifferentiated,1940s-map
potential-map2-2102,50.36596,-4.11149,undifferentiated,1940s-map
potential-map2-2103,50.36599,-4.10411,undifferentiated,1940s-map
potential-map2-2104,50.36552,-4.10378,undifferentiated,1940s-map
potential-map2-2105,50.36568,-4.10377,undifferentiated,1940s-map
potential-map2-2106,50.36589,-4.15861,undifferentiated,1940s-map
potential-map2-2107,50.36584,-4.13829,undifferentiated,1940s-map
potential-map2-2108,50.36590,-4.12473,undifferentiated,1940s-map
potential-map2-2109,50.36593,-4.10821,undifferentiated,1940s-map
potential-map2-2110,50.36574,-4.17471,undifferentiated,1940s-map
potential-map2-2111,50.36585,-4.10560,undifferentiated,1940s-map
potential-map2-2112,50.36565,-4.15422,undifferentiated,1940s-map
potential-map2-2113,50.36568,-4.14660,undifferentiated,1940s-map
potential-map2-2114,50.36572,-4.14355,undifferentiated,1940s-map
potential-map2-2115,50.36567,-4.12940,undifferentiated,1940s-map
potential-map2-2116,50.36565,-4.12303,undifferentiated,1940s-map
potential-map2-2117,50.36556,-4.14521,undifferentiated,1940s-map
potential-map2-2118,50.36559,-4.13582,undifferentiated,1940s-map
potential-map2-2119,50.36571,-4.10867,undifferentiated,1940s-map
potential-map2-2120,50.36565,-4.10297,undifferentiated,1940s-map
potential-map2-2121,50.36577,-4.09534,undifferentiated,1940s-map
potential-map2-2122,50.36550,-4.15961,undifferentiated,1940s-map
potential-map2-2123,50.36533,-4.15913,undifferentiated,1940s-map
potential-map2-2124,50.36553,-4.14181,undifferentiated,1940s-map
potential-map2-2125,50.36546,-4.14033,undifferentiated,1940s-map
potential-map2-2126,50.36557,-4.13049,undifferentiated,1940s-map
potential-map2-2127,50.36543,-4.16758,undifferentiated,1940s-map
potential-map2-2128,50.36548,-4.15471,undifferentiated,1940s-map
potential-map2-2129,50.36541,-4.14426,undifferentiated,1940s-map
potential-map2-2130,50.36525,-4.14475,undifferentiated,1940s-map
potential-map2-2131,50.36545,-4.14273,undifferentiated,1940s-map
potential-map2-2132,50.36535,-4.16602,undifferentiated,1940s-map
potential-map2-2133,50.36536,-4.16142,undifferentiated,1940s-map
potential-map2-2134,50.36507,-4.15293,undifferentiated,1940s-map
potential-map2-2135,50.36528,-4.15257,undifferentiated,1940s-map
potential-map2-2136,50.36533,-4.14942,undifferentiated,1940s-map
potential-map2-2137,50.36540,-4.11631,undifferentiated,1940s-map
potential-map2-2138,50.36527,-4.15824,undifferentiated,1940s-map
potential-map2-2139,50.36518,-4.15568,undifferentiated,1940s-map
potential-map2-2140,50.36466,-4.16094,undifferentiated,1940s-map
potential-map2-2141,50.36505,-4.16129,undifferentiated,1940s-map
potential-map2-2142,50.36512,-4.14559,undifferentiated,1940s-map
potential-map2-2143,50.36515,-4.14350,undifferentiated,1940s-map
potential-map2-2144,50.36510,-4.11928,undifferentiated,1940s-map
potential-map2-2145,50.36509,-4.11894,undifferentiated,1940s-map
potential-map2-2146,50.36521,-4.11771,undifferentiated,1940s-map
potential-map2-2147,50.36497,-4.11818,undifferentiated,1940s-map
potential-map2-2148,50.36500,-4.16604,undifferentiated,1940s-map
potential-map2-2149,50.36491,-4.16638,undifferentiated,1940s-map
potential-map2-2150,50.36471,-4.14630,undifferentiated,1940s-map
potential-map2-2151,50.36508,-4.14645,undifferentiated,1940s-map
potential-map2-2152,50.36452,-4.13993,undifferentiated,1940s-map
potential-map2-2153,50.36487,-4.14076,undifferentiated,1940s-map
potential-map2-2154,50.36510,-4.14096,undifferentiated,1940s-map
potential-map2-2155,50.36469,-4.14053,undifferentiated,1940s-map
potential-map2-2156,50.36507,-4.13996,undifferentiated,1940s-map
potential-map2-2157,50.36508,-4.12245,undifferentiated,1940s-map
potential-map2-2158,50.36507,-4.12083,undifferentiated,1940s-map
potential-map2-2159,50.36508,-4.12049,undifferentiated,1940s-map
potential-map2-2160,50.36508,-4.11337,undifferentiated,1940s-map
potential-map2-2161,50.36513,-4.10072,undifferentiated,1940s-map
potential-map2-2162,50.36516,-4.08664,undifferentiated,1940s-map
potential-map2-2163,50.36495,-4.17863,undifferentiated,1940s-map
potential-map2-2164,50.36506,-4.10461,undifferentiated,1940s-map
potential-map2-2165,50.36494,-4.15656,undifferentiated,1940s-map
potential-map2-2166,50.36491,-4.12417,undifferentiated,1940s-map
potential-map2-2167,50.36473,-4.12397,undifferentiated,1940s-map
potential-map2-2168,50.36431,-4.18013,undifferentiated,1940s-map
potential-map2-2169,50.36399,-4.17984,undifferentiated,1940s-map
potential-map2-2170,50.36466,-4.18002,undifferentiated,1940s-map
potential-map2-2171,50.36476,-4.14378,undifferentiated,1940s-map
potential-map2-2172,50.36479,-4.14261,undifferentiated,1940s-map
potential-map2-2173,50.36473,-4.16203,undifferentiated,1940s-map
potential-map2-2174,50.36474,-4.14451,undifferentiated,1940s-map
potential-map2-2175,50.36473,-4.14180,undifferentiated,1940s-map
potential-map2-2176,50.36440,-4.12828,undifferentiated,1940s-map
potential-map2-2177,50.36413,-4.12771,undifferentiated,1940s-map
potential-map2-2178,50.36469,-4.12842,undifferentiated,1940s-map
potential-map2-2179,50.36441,-4.11642,undifferentiated,1940s-map
potential-map2-2180,50.36477,-4.11642,undifferentiated,1940s-map
potential-map2-2181,50.36410,-4.11621,undifferentiated,1940s-map
potential-map2-2182,50.36476,-4.11560,undifferentiated,1940s-map
potential-map2-2183,50.36444,-4.11573,undifferentiated,1940s-map
potential-map2-2184,50.36457,-4.16318,undifferentiated,1940s-map
potential-map2-2185,50.36460,-4.15860,undifferentiated,1940s-map
potential-map2-2186,50.36442,-4.15828,undifferentiated,1940s-map
potential-map2-2187,50.36462,-4.15135,undifferentiated,1940s-map
potential-map2-2188,50.36463,-4.14522,undifferentiated,1940s-map
potential-map2-2189,50.36469,-4.11947,undifferentiated,1940s-map
potential-map2-2190,50.36463,-4.11713,undifferentiated,1940s-map
potential-map2-2191,50.36456,-4.12261,undifferentiated,1940s-map
potential-map2-2192,50.36446,-4.11034,undifferentiated,1940s-map
potential-map2-2193,50.36404,-4.10861,undifferentiated,1940s-map
potential-map2-2194,50.36448,-4.10902,undifferentiated,1940s-map
potential-map2-2195,50.36431,-4.10874,undifferentiated,1940s-map
potential-map2-2196,50.36458,-4.08563,undifferentiated,1940s-map
potential-map2-2197,50.36437,-4.15536,undifferentiated,1940s-map
potential-map2-2198,50.36444,-4.12492,undifferentiated,1940s-map
potential-map2-2199,50.36436,-4.11341,undifferentiated,1940s-map
potential-map2-2200,50.36414,-4.16774,undifferentiated,1940s-map
potential-map2-2201,50.36426,-4.16626,undifferentiated,1940s-map
potential-map2-2202,50.36405,-4.16647,undifferentiated,1940s-map
potential-map2-2203,50.36423,-4.14928,undifferentiated,1940s-map
potential-map2-2204,50.36403,-4.14317,undifferentiated,1940s-map
potential-map2-2205,50.36427,-4.14355,undifferentiated,1940s-map
potential-map2-2206,50.36434,-4.11461,undifferentiated,1940s-map
potential-map2-2207,50.36416,-4.17467,undifferentiated,1940s-map
potential-map2-2208,50.36425,-4.15239,undifferentiated,1940s-map
potential-map2-2209,50.36416,-4.14547,undifferentiated,1940s-map
potential-map2-2210,50.36419,-4.12660,undifferentiated,1940s-map
potential-map2-2211,50.36426,-4.11098,undifferentiated,1940s-map
potential-map2-2212,50.36419,-4.09782,undifferentiated,1940s-map
potential-map2-2213,50.36405,-4.17351,undifferentiated,1940s-map
potential-map2-2214,50.36395,-4.15313,undifferentiated,1940s-map
potential-map2-2215,50.36380,-4.13994,undifferentiated,1940s-map
potential-map2-2216,50.36413,-4.14016,undifferentiated,1940s-map
potential-map2-2217,50.36381,-4.12174,undifferentiated,1940s-map
potential-map2-2218,50.36406,-4.12312,undifferentiated,1940s-map
potential-map2-2219,50.36412,-4.12246,undifferentiated,1940s-map
potential-map2-2220,50.36398,-4.12180,undifferentiated,1940s-map
potential-map2-2221,50.36405,-4.11910,undifferentiated,1940s-map
potential-map2-2222,50.36415,-4.11944,undifferentiated,1940s-map
potential-map2-2223,50.36397,-4.11993,undifferentiated,1940s-map
potential-map2-2224,50.36416,-4.11248,undifferentiated,1940s-map
potential-map2-2225,50.36415,-4.11172,undifferentiated,1940s-map
potential-map2-2226,50.36415,-4.09853,undifferentiated,1940s-map
potential-map2-2227,50.36351,-4.14115,undifferentiated,1940s-map
potential-map2-2228,50.36359,-4.14269,undifferentiated,1940s-map
potential-map2-2229,50.36400,-4.14146,undifferentiated,1940s-map
potential-map2-2230,50.36362,-4.14168,undifferentiated,1940s-map
potential-map2-2231,50.36299,-4.14320,undifferentiated,1940s-map
potential-map2-2232,50.36337,-4.14218,undifferentiated,1940s-map
potential-map2-2233,50.36376,-4.14223,undifferentiated,1940s-map
potential-map2-2234,50.36349,-4.14046,undifferentiated,1940s-map
potential-map2-2235,50.36331,-4.14291,undifferentiated,1940s-map
potential-map2-2236,50.36303,-4.14289,undifferentiated,1940s-map
potential-map2-2237,50.36406,-4.12099,undifferentiated,1940s-map
potential-map2-2238,50.36390,-4.12082,undifferentiated,1940s-map
potential-map2-2239,50.36366,-4.10925,undifferentiated,1940s-map
potential-map2-2240,50.36401,-4.11004,undifferentiated,1940s-map
potential-map2-2241,50.36391,-4.17861,undifferentiated,1940s-map
potential-map2-2242,50.36367,-4.16040,undifferentiated,1940s-map
potential-map2-2243,50.36394,-4.16037,undifferentiated,1940s-map
potential-map2-2244,50.36398,-4.15653,undifferentiated,1940s-map
potential-map2-2245,50.36400,-4.15191,undifferentiated,1940s-map
potential-map2-2246,50.36405,-4.09399,undifferentiated,1940s-map
potential-map2-2247,50.36413,-4.07101,undifferentiated,1940s-map
potential-map2-2248,50.36342,-4.13670,undifferentiated,1940s-map
potential-map2-2249,50.36283,-4.13690,undifferentiated,1940s-map
potential-map2-2250,50.36360,-4.13702,undifferentiated,1940s-map
potential-map2-2251,50.36322,-4.13595,undifferentiated,1940s-map
potential-map2-2252,50.36379,-4.13661,undifferentiated,1940s-map
potential-map2-2253,50.36369,-4.13740,undifferentiated,1940s-map
potential-map2-2254,50.36310,-4.13675,undifferentiated,1940s-map
potential-map2-2255,50.36333,-4.13628,undifferentiated,1940s-map
potential-map2-2256,50.36368,-4.16814,undifferentiated,1940s-map
potential-map2-2257,50.36368,-4.15914,undifferentiated,1940s-map
potential-map2-2258,50.36371,-4.14623,undifferentiated,1940s-map
potential-map2-2259,50.36368,-4.14348,undifferentiated,1940s-map
potential-map2-2260,50.36363,-4.16179,undifferentiated,1940s-map
potential-map2-2261,50.36368,-4.15387,undifferentiated,1940s-map
potential-map2-2262,50.36364,-4.15095,undifferentiated,1940s-map
potential-map2-2263,50.36364,-4.14741,undifferentiated,1940s-map
potential-map2-2264,50.36355,-4.12684,undifferentiated,1940s-map
potential-map2-2265,50.36342,-4.12792,undifferentiated,1940s-map
potential-map2-2266,50.36366,-4.12770,undifferentiated,1940s-map
potential-map2-2267,50.36340,-4.12732,undifferentiated,1940s-map
potential-map2-2268,50.36365,-4.10837,undifferentiated,1940s-map
potential-map2-2269,50.36377,-4.10143,undifferentiated,1940s-map
potential-map2-2270,50.36349,-4.16685,undifferentiated,1940s-map
potential-map2-2271,50.36340,-4.18248,undifferentiated,1940s-map
potential-map2-2272,50.36346,-4.15332,undifferentiated,1940s-map
potential-map2-2273,50.36333,-4.15186,undifferentiated,1940s-map
potential-map2-2274,50.36337,-4.14510,undifferentiated,1940s-map
potential-map2-2275,50.36335,-4.11626,undifferentiated,1940s-map
potential-map2-2276,50.36341,-4.10464,undifferentiated,1940s-map
potential-map2-2277,50.36332,-4.10488,undifferentiated,1940s-map
potential-map2-2278,50.36351,-4.09429,undifferentiated,1940s-map
potential-map2-2279,50.36339,-4.12182,undifferentiated,1940s-map
potential-map2-2280,50.36327,-4.12102,undifferentiated,1940s-map
potential-map2-2281,50.36324,-4.16746,undifferentiated,1940s-map
potential-map2-2282,50.36323,-4.13946,undifferentiated,1940s-map
potential-map2-2283,50.36321,-4.13808,undifferentiated,1940s-map
potential-map2-2284,50.36314,-4.12945,undifferentiated,1940s-map
potential-map2-2285,50.36325,-4.10804,undifferentiated,1940s-map
potential-map2-2286,50.36309,-4.15271,undifferentiated,1940s-map
potential-map2-2287,50.36316,-4.11540,undifferentiated,1940s-map
potential-map2-2288,50.36295,-4.16073,undifferentiated,1940s-map
potential-map2-2289,50.36297,-4.14399,undifferentiated,1940s-map
potential-map2-2290,50.36306,-4.11437,undifferentiated,1940s-map
potential-map2-2291,50.36312,-4.11309,undifferentiated,1940s-map
potential-map2-2292,50.36290,-4.11333,undifferentiated,1940s-map
potential-map2-2293,50.36308,-4.10637,undifferentiated,1940s-map
potential-map2-2294,50.36304,-4.12076,undifferentiated,1940s-map
potential-map2-2295,50.36277,-4.10872,undifferentiated,1940s-map
potential-map2-2296,50.36221,-4.10938,undifferentiated,1940s-map
potential-map2-2297,50.36281,-4.10835,undifferentiated,1940s-map
potential-map2-2298,50.36281,-4.10784,undifferentiated,1940s-map
potential-map2-2299,50.36262,-4.10926,undifferentiated,1940s-map
potential-map2-2300,50.36290,-4.10921,undifferentiated,1940s-map
potential-map2-2301,50.36292,-4.10712,undifferentiated,1940s-map
potential-map2-2302,50.36283,-4.14593,undifferentiated,1940s-map
potential-map2-2303,50.36283,-4.13583,undifferentiated,1940s-map
potential-map2-2304,50.36286,-4.09899,undifferentiated,1940s-map
potential-map2-2305,50.36270,-4.14703,undifferentiated,1940s-map
potential-map2-2306,50.36272,-4.13438,undifferentiated,1940s-map
potential-map2-2307,50.36266,-4.14470,undifferentiated,1940s-map
potential-map2-2308,50.36264,-4.13780,undifferentiated,1940s-map
potential-map2-2309,50.36233,-4.13804,undifferentiated,1940s-map
potential-map2-2310,50.36256,-4.13958,undifferentiated,1940s-map
potential-map2-2311,50.36253,-4.13534,undifferentiated,1940s-map
potential-map2-2312,50.36245,-4.16331,undifferentiated,1940s-map
potential-map2-2313,50.36244,-4.15541,undifferentiated,1940s-map
potential-map2-2314,50.36252,-4.11624,undifferentiated,1940s-map
potential-map2-2315,50.36243,-4.11652,undifferentiated,1940s-map
potential-map2-2316,50.36238,-4.14792,undifferentiated,1940s-map
potential-map2-2317,50.36240,-4.14551,undifferentiated,1940s-map
potential-map2-2318,50.36251,-4.10232,undifferentiated,1940s-map
potential-map2-2319,50.36230,-4.15726,undifferentiated,1940s-map
potential-map2-2320,50.36225,-4.13471,undifferentiated,1940s-map
potential-map2-2321,50.36231,-4.10741,undifferentiated,1940s-map
potential-map2-2322,50.36224,-4.13893,undifferentiated,1940s-map
potential-map2-2323,50.36206,-4.19023,undifferentiated,1940s-map
potential-map2-2324,50.36208,-4.15577,undifferentiated,1940s-map
potential-map2-2325,50.36204,-4.14148,undifferentiated,1940s-map
potential-map2-2326,50.36221,-4.11142,undifferentiated,1940s-map
potential-map2-2327,50.36204,-4.11147,undifferentiated,1940s-map
potential-map2-2328,50.36198,-4.14636,undifferentiated,1940s-map
potential-map2-2329,50.36209,-4.09435,undifferentiated,1940s-map
potential-map2-2330,50.36189,-4.14744,undifferentiated,1940s-map
potential-map2-2331,50.36189,-4.15079,undifferentiated,1940s-map
potential-map2-2332,50.36171,-4.15077,undifferentiated,1940s-map
potential-map2-2333,50.36187,-4.13821,undifferentiated,1940s-map
potential-map2-2334,50.36186,-4.11042,undifferentiated,1940s-map
potential-map2-2335,50.36188,-4.10711,undifferentiated,1940s-map
potential-map2-2336,50.36173,-4.11248,undifferentiated,1940s-map
potential-map2-2337,50.36185,-4.11226,undifferentiated,1940s-map
potential-map2-2338,50.36152,-4.14616,undifferentiated,1940s-map
potential-map2-2339,50.36164,-4.14686,undifferentiated,1940s-map
potential-map2-2340,50.36170,-4.14095,undifferentiated,1940s-map
potential-map2-2341,50.36165,-4.13962,undifferentiated,1940s-map
potential-map2-2342,50.36164,-4.13797,undifferentiated,1940s-map
potential-map2-2343,50.36168,-4.13728,undifferentiated,1940s-map
potential-map2-2344,50.36147,-4.17913,undifferentiated,1940s-map
potential-map2-2345,50.36145,-4.10684,undifferentiated,1940s-map
potential-map2-2346,50.36118,-4.18261,undifferentiated,1940s-map
potential-map2-2347,50.36132,-4.13895,undifferentiated,1940s-map
potential-map2-2348,50.36132,-4.11517,undifferentiated,1940s-map
potential-map2-2349,50.36122,-4.15338,undifferentiated,1940s-map
potential-map2-2350,50.36131,-4.14930,undifferentiated,1940s-map
potential-map2-2351,50.36135,-4.10351,undifferentiated,1940s-map
potential-map2-2352,50.36095,-4.12046,undifferentiated,1940s-map
potential-map2-2353,50.36073,-4.07418,undifferentiated,1940s-map
potential-map2-2354,50.36055,-4.11963,undifferentiated,1940s-map
potential-map2-2355,50.36066,-4.10501,undifferentiated,1940s-map
potential-map2-2356,50.36056,-4.10432,undifferentiated,1940s-map
potential-map2-2357,50.36052,-4.10303,undifferentiated,1940s-map
potential-map2-2358,50.36058,-4.10029,undifferentiated,1940s-map
potential-map2-2359,50.36010,-4.17937,undifferentiated,1940s-map
potential-map2-2360,50.36028,-4.10196,undifferentiated,1940s-map
potential-map2-2361,50.36021,-4.09559,undifferentiated,1940s-map
potential-map2-2362,50.36011,-4.10591,undifferentiated,1940s-map
potential-map2-2363,50.36011,-4.10093,undifferentiated,1940s-map
potential-map2-2364,50.36003,-4.10011,undifferentiated,1940s-map
potential-map2-2365,50.35977,-4.17976,undifferentiated,1940s-map
potential-map2-2366,50.35978,-4.15787,undifferentiated,1940s-map
potential-map2-2367,50.35965,-4.15932,undifferentiated,1940s-map
potential-map2-2368,50.35966,-4.15872,undifferentiated,1940s-map
potential-map2-2369,50.35970,-4.18044,undifferentiated,1940s-map
potential-map2-2370,50.35969,-4.15426,undifferentiated,1940s-map
potential-map2-2371,50.35959,-4.10112,undifferentiated,1940s-map
potential-map2-2372,50.35951,-4.11363,undifferentiated,1940s-map
potential-map2-2373,50.35951,-4.11102,undifferentiated,1940s-map
potential-map2-2374,50.35955,-4.10050,undifferentiated,1940s-map
potential-map2-2375,50.35951,-4.09766,undifferentiated,1940s-map
potential-map2-2376,50.35919,-4.17485,undifferentiated,1940s-map
potential-map2-2377,50.35896,-4.12212,undifferentiated,1940s-map
potential-map2-2378,50.35904,-4.12125,undifferentiated,1940s-map
potential-map2-2379,50.35892,-4.15863,undifferentiated,1940s-map
potential-map2-2380,50.35886,-4.15690,undifferentiated,1940s-map
potential-map2-2381,50.35881,-4.12378,undifferentiated,1940s-map
potential-map2-2382,50.35867,-4.12270,undifferentiated,1940s-map
potential-map2-2383,50.35894,-4.12275,undifferentiated,1940s-map
potential-map2-2384,50.35874,-4.10550,undifferentiated,1940s-map
potential-map2-2385,50.35883,-4.10472,undifferentiated,1940s-map
potential-map2-2386,50.35887,-4.10408,undifferentiated,1940s-map
potential-map2-2387,50.35869,-4.11859,undifferentiated,1940s-map
potential-map2-2388,50.35870,-4.11932,undifferentiated,1940s-map
potential-map2-2389,50.35855,-4.12519,undifferentiated,1940s-map
potential-map2-2390,50.35852,-4.17399,undifferentiated,1940s-map
potential-map2-2391,50.35854,-4.17303,undifferentiated,1940s-map
potential-map2-2392,50.35847,-4.16955,undifferentiated,1940s-map
potential-map2-2393,50.35839,-4.16905,undifferentiated,1940s-map
potential-map2-2394,50.35865,-4.12127,undifferentiated,1940s-map
potential-map2-2395,50.35870,-4.10610,undifferentiated,1940s-map
potential-map2-2396,50.35840,-4.12045,undifferentiated,1940s-map
potential-map2-2397,50.35826,-4.16852,undifferentiated,1940s-map
potential-1862,50.4146,-4.18262,HE,gmaps-overlay
potential-1863,50.41696,-4.13215,HE,gmaps-overlay
potential-1864,50.41705,-4.13286,HE,gmaps-overlay
potential-1865,50.41775,-4.11254,HE,gmaps-overlay
potential-1866,50.41761,-4.11546,HE,gmaps-overlay
potential-1867,50.41718,-4.11491,HE,gmaps-overlay
potential-1868,50.41354,-4.1586,HE,gmaps-overlay
potential-1869,50.41203,-4.15532,HE,gmaps-overlay
potential-1870,50.41269,-4.15652,HE,gmaps-overlay
potential-1871,50.41326,-4.15768,HE,gmaps-overlay
potential-1872,50.4124,-4.1559,HE,gmaps-overlay
potential-1873,50.41331,-4.15619,HE,gmaps-overlay
potential-1874,50.41374,-4.15556,HE,gmaps-overlay
potential-1875,50.41376,-4.15932,HE,gmaps-overlay
potential-1876,50.41326,-4.15131,HE,gmaps-overlay
potential-1877,50.41412,-4.15209,HE,gmaps-overlay
potential-1878,50.41363,-4.15018,HE,gmaps-overlay
potential-1879,50.41373,-4.15148,HE,gmaps-overlay
potential-1880,50.41072,-4.17825,HE,gmaps-overlay
potential-1881,50.40873,-4.17436,HE,gmaps-overlay
potential-1882,50.40954,-4.17155,HE,gmaps-overlay
potential-1883,50.41063,-4.17516,HE,gmaps-overlay
potential-1884,50.4081,-4.17528,HE,gmaps-overlay
potential-1885,50.40838,-4.17306,HE,gmaps-overlay
potential-1886,50.40947,-4.17489,HE,gmaps-overlay
potential-1887,50.40977,-4.17232,HE,gmaps-overlay
potential-1888,50.40852,-4.17619,HE,gmaps-overlay
potential-1889,50.40993,-4.17075,HE,gmaps-overlay
potential-1890,50.40914,-4.17084,HE,gmaps-overlay
potential-1891,50.40903,-4.17281,HE,gmaps-overlay
potential-1892,50.40795,-4.17411,HE,gmaps-overlay
potential-1893,50.41006,-4.17548,HE,gmaps-overlay
potential-1894,50.41051,-4.17312,HE,gmaps-overlay
potential-1896,50.4072,-4.17688,HE,gmaps-overlay
potential-1897,50.40739,-4.16839,HE,gmaps-overlay
potential-1898,50.40678,-4.17392,HE,gmaps-overlay
potential-1900,50.40656,-4.17512,HE,gmaps-overlay
potential-1901,50.40604,-4.1739,HE,gmaps-overlay
potential-1902,50.40578,-4.17521,HE,gmaps-overlay
potential-1903,50.40738,-4.14786,HE,gmaps-overlay
potential-1904,50.40472,-4.18194,HE,gmaps-overlay
potential-1906,50.40393,-4.18207,HE,gmaps-overlay
potential-1907,50.40429,-4.18123,HE,gmaps-overlay
potential-1909,50.40544,-4.1345,HE,gmaps-overlay
potential-1911,50.40495,-4.13442,HE,gmaps-overlay
potential-1913,50.40609,-4.15064,HE,gmaps-overlay
potential-1914,50.40633,-4.14703,HE,gmaps-overlay
potential-1915,50.4081,-4.12097,HE,gmaps-overlay
potential-1916,50.40292,-4.19716,HE,gmaps-overlay
potential-1917,50.40591,-4.15257,HE,gmaps-overlay
potential-1918,50.40414,-4.1744,HE,gmaps-overlay
potential-1919,50.40457,-4.15667,HE,gmaps-overlay
potential-1920,50.40487,-4.14956,HE,gmaps-overlay
potential-1921,50.40444,-4.15328,HE,gmaps-overlay
potential-1922,50.4047,-4.15495,HE,gmaps-overlay
potential-1923,50.40457,-4.1515,HE,gmaps-overlay
potential-1924,50.40408,-4.15515,HE,gmaps-overlay
potential-1925,50.40426,-4.1542,HE,gmaps-overlay
potential-1926,50.40474,-4.15066,HE,gmaps-overlay
potential-1927,50.40503,-4.15544,HE,gmaps-overlay
potential-1928,50.404,-4.15247,HE,gmaps-overlay
potential-1929,50.40717,-4.12226,HE,gmaps-overlay
potential-1930,50.40179,-4.19721,HE,gmaps-overlay
potential-1932,50.40647,-4.12456,HE,gmaps-overlay
potential-1933,50.40545,-4.12316,HE,gmaps-overlay
potential-1934,50.40544,-4.12595,HE,gmaps-overlay
potential-1935,50.40675,-4.12383,HE,gmaps-overlay
potential-1936,50.40542,-4.12204,HE,gmaps-overlay
potential-1938,50.40534,-4.12436,HE,gmaps-overlay
potential-1939,50.40557,-4.12516,HE,gmaps-overlay
potential-1940,50.40314,-4.17428,HE,gmaps-overlay
potential-1941,50.40692,-4.11337,HE,gmaps-overlay
potential-1943,50.4019,-4.17759,HE,gmaps-overlay
potential-1944,50.40126,-4.1777,HE,gmaps-overlay
potential-1946,50.40028,-4.19517,HE,gmaps-overlay
potential-1947,50.40109,-4.15482,HE,gmaps-overlay
potential-1948,50.4028,-4.15414,HE,gmaps-overlay
potential-1950,50.40325,-4.15358,HE,gmaps-overlay
potential-1953,50.4008,-4.1867,HE,gmaps-overlay
potential-1954,50.40568,-4.11396,HE,gmaps-overlay
potential-1955,50.40041,-4.19007,HE,gmaps-overlay
potential-1957,50.40377,-4.13161,HE,gmaps-overlay
potential-1958,50.40517,-4.11699,HE,gmaps-overlay
potential-1959,50.40439,-4.12563,HE,gmaps-overlay
potential-1960,50.40021,-4.1856,HE,gmaps-overlay
potential-1961,50.40049,-4.17158,HE,gmaps-overlay
potential-1962,50.40112,-4.17138,HE,gmaps-overlay
potential-1963,50.40197,-4.15762,HE,gmaps-overlay
potential-1964,50.39841,-4.19548,HE,gmaps-overlay
potential-1965,50.39923,-4.19428,HE,gmaps-overlay
potential-1966,50.39916,-4.19536,HE,gmaps-overlay
potential-1967,50.40064,-4.17444,HE,gmaps-overlay
potential-1968,50.40115,-4.16634,HE,gmaps-overlay
potential-1969,50.40114,-4.16575,HE,gmaps-overlay
potential-1970,50.4006,-4.16992,HE,gmaps-overlay
potential-1971,50.40325,-4.12701,HE,gmaps-overlay
potential-1972,50.39871,-4.1927,HE,gmaps-overlay
potential-1973,50.39766,-4.19435,HE,gmaps-overlay
potential-1974,50.39782,-4.19311,HE,gmaps-overlay
potential-1975,50.39922,-4.18499,HE,gmaps-overlay
potential-1976,50.40026,-4.15713,HE,gmaps-overlay
potential-1977,50.40012,-4.15614,HE,gmaps-overlay
potential-1978,50.40109,-4.15663,HE,gmaps-overlay
potential-1979,50.40242,-4.13341,HE,gmaps-overlay
potential-1980,50.40258,-4.13457,HE,gmaps-overlay
potential-1981,50.40284,-4.13353,HE,gmaps-overlay
potential-1983,50.39885,-4.18778,HE,gmaps-overlay
potential-1984,50.39828,-4.18833,HE,gmaps-overlay
potential-1985,50.40048,-4.1653,HE,gmaps-overlay
potential-1986,50.39962,-4.17562,HE,gmaps-overlay
potential-1987,50.39941,-4.17491,HE,gmaps-overlay
potential-1988,50.39871,-4.1754,HE,gmaps-overlay
potential-1989,50.39841,-4.19103,HE,gmaps-overlay
potential-1990,50.40064,-4.15088,HE,gmaps-overlay
potential-1991,50.40121,-4.15128,HE,gmaps-overlay
potential-1992,50.40065,-4.15222,HE,gmaps-overlay
potential-1993,50.39983,-4.16716,HE,gmaps-overlay
potential-1994,50.3985,-4.1839,HE,gmaps-overlay
potential-1995,50.39896,-4.1778,HE,gmaps-overlay
potential-1996,50.39862,-4.17902,HE,gmaps-overlay
potential-1997,50.40239,-4.12851,HE,gmaps-overlay
potential-1998,50.40057,-4.14925,HE,gmaps-overlay
potential-1999,50.40117,-4.13355,HE,gmaps-overlay
potential-2000,50.40162,-4.13423,HE,gmaps-overlay
potential-2001,50.40151,-4.13301,HE,gmaps-overlay
potential-2002,50.39717,-4.19764,HE,gmaps-overlay
potential-2003,50.40103,-4.12443,HE,gmaps-overlay
potential-2004,50.39827,-4.12438,HE,gmaps-overlay
potential-2005,50.39926,-4.12597,HE,gmaps-overlay
potential-2006,50.39914,-4.12402,HE,gmaps-overlay
potential-2007,50.40039,-4.12536,HE,gmaps-overlay
potential-2008,50.3975,-4.12425,HE,gmaps-overlay
potential-2009,50.39957,-4.12489,HE,gmaps-overlay
potential-2010,50.40185,-4.12508,HE,gmaps-overlay
potential-2011,50.39967,-4.15213,HE,gmaps-overlay
potential-2012,50.4009,-4.1308,HE,gmaps-overlay
potential-2013,50.39755,-4.17635,HE,gmaps-overlay
potential-2014,50.39683,-4.17694,HE,gmaps-overlay
potential-2015,50.39785,-4.16368,HE,gmaps-overlay
potential-2017,50.3982,-4.16446,HE,gmaps-overlay
potential-2018,50.39745,-4.16322,HE,gmaps-overlay
potential-2019,50.40182,-4.10828,HE,gmaps-overlay
potential-2021,50.40188,-4.10746,HE,gmaps-overlay
potential-2022,50.40182,-4.10911,HE,gmaps-overlay
potential-2023,50.39857,-4.1475,HE,gmaps-overlay
potential-2024,50.39872,-4.14913,HE,gmaps-overlay
potential-2026,50.39849,-4.14846,HE,gmaps-overlay
potential-2027,50.3987,-4.1331,HE,gmaps-overlay
potential-2028,50.39939,-4.13254,HE,gmaps-overlay
potential-2029,50.39988,-4.13219,HE,gmaps-overlay
potential-2030,50.39713,-4.16594,HE,gmaps-overlay
potential-2032,50.3963,-4.16676,HE,gmaps-overlay
potential-2034,50.4004,-4.11599,HE,gmaps-overlay
potential-2035,50.4008,-4.1086,HE,gmaps-overlay
potential-2036,50.39842,-4.13922,HE,gmaps-overlay
potential-2037,50.3972,-4.14724,HE,gmaps-overlay
potential-2038,50.39785,-4.14582,HE,gmaps-overlay
potential-2040,50.3979,-4.13431,HE,gmaps-overlay
potential-2041,50.39634,-4.15396,HE,gmaps-overlay
potential-2042,50.3966,-4.14481,HE,gmaps-overlay
potential-2044,50.3967,-4.14258,HE,gmaps-overlay
potential-2045,50.39844,-4.11246,HE,gmaps-overlay
potential-2046,50.39552,-4.13697,HE,gmaps-overlay
potential-2047,50.39618,-4.14072,HE,gmaps-overlay
potential-2048,50.39578,-4.13883,HE,gmaps-overlay
potential-2049,50.3954,-4.13583,HE,gmaps-overlay
potential-2050,50.39516,-4.13807,HE,gmaps-overlay
potential-2051,50.3958,-4.13804,HE,gmaps-overlay
potential-2064,50.39432,-4.1568,HE,gmaps-overlay
potential-2065,50.39953,-4.08816,HE,gmaps-overlay
potential-2067,50.3931,-4.17574,HE,gmaps-overlay
potential-2068,50.39896,-4.09005,HE,gmaps-overlay
potential-2069,50.3935,-4.15247,HE,gmaps-overlay
potential-2070,50.39461,-4.15172,HE,gmaps-overlay
potential-2071,50.3937,-4.15312,HE,gmaps-overlay
potential-2074,50.39034,-4.16862,HE,gmaps-overlay
potential-2076,50.39102,-4.16457,HE,gmaps-overlay
potential-2077,50.3871,-4.17484,HE,gmaps-overlay
potential-2078,50.39013,-4.16669,HE,gmaps-overlay
potential-2079,50.38678,-4.15913,HE,gmaps-overlay
potential-2080,50.38808,-4.17105,HE,gmaps-overlay
potential-2081,50.38393,-4.16626,HE,gmaps-overlay
potential-2082,50.38265,-4.16496,HE,gmaps-overlay
potential-2083,50.38577,-4.17134,HE,gmaps-overlay
potential-2084,50.38978,-4.17196,HE,gmaps-overlay
potential-2085,50.38914,-4.16291,HE,gmaps-overlay
potential-2086,50.39303,-4.16586,HE,gmaps-overlay
potential-2087,50.38873,-4.16613,HE,gmaps-overlay
potential-2088,50.38768,-4.16854,HE,gmaps-overlay
potential-2090,50.39303,-4.16423,HE,gmaps-overlay
potential-2094,50.38995,-4.16418,HE,gmaps-overlay
potential-2095,50.38745,-4.1727,HE,gmaps-overlay
potential-2100,50.38567,-4.17329,HE,gmaps-overlay
potential-2101,50.38869,-4.16747,HE,gmaps-overlay
potential-2102,50.39407,-4.15514,HE,gmaps-overlay
potential-2104,50.39494,-4.14301,HE,gmaps-overlay
potential-2105,50.39273,-4.1714,HE,gmaps-overlay
potential-2108,50.39212,-4.15942,HE,gmaps-overlay
potential-2109,50.39319,-4.15824,HE,gmaps-overlay
potential-2110,50.39268,-4.15804,HE,gmaps-overlay
potential-2111,50.39262,-4.15932,HE,gmaps-overlay
potential-2112,50.39415,-4.13957,HE,gmaps-overlay
potential-2113,50.39141,-4.17641,HE,gmaps-overlay
potential-2114,50.3916,-4.17723,HE,gmaps-overlay
potential-2117,50.39497,-4.12698,HE,gmaps-overlay
potential-2118,50.39474,-4.12593,HE,gmaps-overlay
potential-2119,50.39545,-4.11702,HE,gmaps-overlay
potential-2120,50.39556,-4.11786,HE,gmaps-overlay
potential-2121,50.39537,-4.11609,HE,gmaps-overlay
potential-2122,50.39254,-4.1631,HE,gmaps-overlay
potential-2123,50.39329,-4.14721,HE,gmaps-overlay
potential-2124,50.3927,-4.15489,HE,gmaps-overlay
potential-2125,50.39221,-4.15487,HE,gmaps-overlay
potential-2126,50.39345,-4.14361,HE,gmaps-overlay
potential-2128,50.39351,-4.13499,HE,gmaps-overlay
potential-2129,50.39054,-4.1351,HE,gmaps-overlay
potential-2130,50.39069,-4.13847,HE,gmaps-overlay
potential-2131,50.39258,-4.13537,HE,gmaps-overlay
potential-2132,50.39195,-4.13551,HE,gmaps-overlay
potential-2133,50.39097,-4.13724,HE,gmaps-overlay
potential-2134,50.39388,-4.13539,HE,gmaps-overlay
potential-2136,50.39068,-4.17871,HE,gmaps-overlay
potential-2137,50.39031,-4.18057,HE,gmaps-overlay
potential-2138,50.39377,-4.1195,HE,gmaps-overlay
potential-2140,50.3957,-4.09836,HE,gmaps-overlay
potential-2143,50.39136,-4.15311,HE,gmaps-overlay
potential-2144,50.3909,-4.15133,HE,gmaps-overlay
potential-2145,50.39121,-4.15219,HE,gmaps-overlay
potential-2146,50.39408,-4.10848,HE,gmaps-overlay
potential-2147,50.39447,-4.10946,HE,gmaps-overlay
potential-2149,50.39403,-4.11032,HE,gmaps-overlay
potential-2150,50.39378,-4.10707,HE,gmaps-overlay
potential-2151,50.39485,-4.10874,HE,gmaps-overlay
potential-2152,50.3927,-4.13738,HE,gmaps-overlay
potential-2153,50.39104,-4.15904,HE,gmaps-overlay
potential-2155,50.39396,-4.11386,HE,gmaps-overlay
potential-2157,50.3873,-4.17834,HE,gmaps-overlay
potential-2160,50.38794,-4.17905,HE,gmaps-overlay
potential-2163,50.39068,-4.15652,HE,gmaps-overlay
potential-2164,50.39037,-4.15751,HE,gmaps-overlay
potential-2165,50.39182,-4.13382,HE,gmaps-overlay
potential-2167,50.39386,-4.10507,HE,gmaps-overlay
potential-2168,50.38876,-4.17669,HE,gmaps-overlay
potential-2170,50.39062,-4.13187,HE,gmaps-overlay
potential-2171,50.38898,-4.15481,HE,gmaps-overlay
potential-2172,50.38668,-4.15586,HE,gmaps-overlay
potential-2173,50.38788,-4.15649,HE,gmaps-overlay
potential-2174,50.38718,-4.15588,HE,gmaps-overlay
potential-2175,50.38618,-4.15648,HE,gmaps-overlay
potential-2176,50.38929,-4.13113,HE,gmaps-overlay
potential-2177,50.3886,-4.13127,HE,gmaps-overlay
potential-2178,50.38889,-4.13306,HE,gmaps-overlay
potential-2179,50.39012,-4.11517,HE,gmaps-overlay
potential-2180,50.38979,-4.11599,HE,gmaps-overlay
potential-2181,50.39014,-4.11438,HE,gmaps-overlay
potential-2182,50.38563,-4.18069,HE,gmaps-overlay
potential-2184,50.38672,-4.16445,HE,gmaps-overlay
potential-2185,50.39122,-4.09175,HE,gmaps-overlay
potential-2186,50.39134,-4.09241,HE,gmaps-overlay
potential-2187,50.38932,-4.12025,HE,gmaps-overlay
potential-2189,50.3739,-4.17581,HE,gmaps-overlay
potential-2191,50.38325,-4.1709,HE,gmaps-overlay
potential-2194,50.37178,-4.17046,HE,gmaps-overlay
potential-2195,50.38111,-4.1693,HE,gmaps-overlay
potential-2197,50.37817,-4.17266,HE,gmaps-overlay
potential-2200,50.37539,-4.17242,HE,gmaps-overlay
potential-2202,50.38157,-4.17372,HE,gmaps-overlay
potential-2203,50.37281,-4.17231,HE,gmaps-overlay
potential-2204,50.37403,-4.17957,HE,gmaps-overlay
potential-2213,50.37542,-4.17678,HE,gmaps-overlay
potential-2214,50.37397,-4.17306,HE,gmaps-overlay
potential-2217,50.37963,-4.17773,HE,gmaps-overlay
potential-2219,50.38881,-4.1185,HE,gmaps-overlay
potential-2220,50.3881,-4.11895,HE,gmaps-overlay
potential-2221,50.38823,-4.11699,HE,gmaps-overlay
potential-2222,50.3894,-4.11773,HE,gmaps-overlay
potential-2223,50.38767,-4.11961,HE,gmaps-overlay
potential-2225,50.38717,-4.13743,HE,gmaps-overlay
potential-2226,50.38774,-4.13746,HE,gmaps-overlay
potential-2227,50.38806,-4.13651,HE,gmaps-overlay
potential-2228,50.39071,-4.09447,HE,gmaps-overlay
potential-2230,50.38595,-4.14827,HE,gmaps-overlay
potential-2231,50.38716,-4.14507,HE,gmaps-overlay
potential-2232,50.38484,-4.14701,HE,gmaps-overlay
potential-2234,50.38664,-4.1464,HE,gmaps-overlay
potential-2235,50.38578,-4.14936,HE,gmaps-overlay
potential-2236,50.38546,-4.14733,HE,gmaps-overlay
potential-2238,50.38911,-4.11291,HE,gmaps-overlay
potential-2239,50.38335,-4.18026,HE,gmaps-overlay
potential-2240,50.38287,-4.1813,HE,gmaps-overlay
potential-2244,50.3835,-4.18108,HE,gmaps-overlay
potential-2245,50.38404,-4.18193,HE,gmaps-overlay
potential-2246,50.38528,-4.15557,HE,gmaps-overlay
potential-2247,50.38576,-4.15446,HE,gmaps-overlay
potential-2248,50.38524,-4.15626,HE,gmaps-overlay
potential-2249,50.38799,-4.12258,HE,gmaps-overlay
potential-2250,50.3876,-4.12351,HE,gmaps-overlay
potential-2251,50.38696,-4.12326,HE,gmaps-overlay
potential-2255,50.38946,-4.10064,HE,gmaps-overlay
potential-2256,50.38902,-4.1003,HE,gmaps-overlay
potential-2257,50.38791,-4.12095,HE,gmaps-overlay
potential-2258,50.38696,-4.13008,HE,gmaps-overlay
potential-2259,50.38867,-4.10249,HE,gmaps-overlay
potential-2260,50.38813,-4.10205,HE,gmaps-overlay
potential-2261,50.38467,-4.15989,HE,gmaps-overlay
potential-2262,50.3837,-4.16811,HE,gmaps-overlay
potential-2264,50.38375,-4.15139,HE,gmaps-overlay
potential-2265,50.3866,-4.11736,HE,gmaps-overlay
potential-2267,50.38549,-4.13042,HE,gmaps-overlay
potential-2270,50.38262,-4.16081,HE,gmaps-overlay
potential-2271,50.38285,-4.15953,HE,gmaps-overlay
potential-2272,50.38321,-4.1583,HE,gmaps-overlay
potential-2273,50.38324,-4.15515,HE,gmaps-overlay
potential-2277,50.38671,-4.10177,HE,gmaps-overlay
potential-2278,50.38368,-4.1424,HE,gmaps-overlay
potential-2279,50.38418,-4.13754,HE,gmaps-overlay
potential-2282,50.3841,-4.13156,HE,gmaps-overlay
potential-2283,50.38263,-4.15202,HE,gmaps-overlay
potential-2284,50.38242,-4.15296,HE,gmaps-overlay
potential-2285,50.38297,-4.14507,HE,gmaps-overlay
potential-2286,50.38301,-4.14419,HE,gmaps-overlay
potential-2287,50.38308,-4.14587,HE,gmaps-overlay
potential-2288,50.38166,-4.15727,HE,gmaps-overlay
potential-2289,50.382,-4.14927,HE,gmaps-overlay
potential-2290,50.38118,-4.16277,HE,gmaps-overlay
potential-2291,50.38235,-4.13821,HE,gmaps-overlay
potential-2292,50.37902,-4.14235,HE,gmaps-overlay
potential-2293,50.38154,-4.14097,HE,gmaps-overlay
potential-2294,50.38206,-4.14319,HE,gmaps-overlay
potential-2295,50.37983,-4.14148,HE,gmaps-overlay
potential-2296,50.38149,-4.13972,HE,gmaps-overlay
potential-2297,50.38123,-4.14216,HE,gmaps-overlay
potential-2298,50.38163,-4.14289,HE,gmaps-overlay
potential-2299,50.38064,-4.141,HE,gmaps-overlay
potential-2300,50.37934,-4.14113,HE,gmaps-overlay
potential-2301,50.38292,-4.12842,HE,gmaps-overlay
potential-2303,50.38226,-4.13584,HE,gmaps-overlay
potential-2304,50.38249,-4.13386,HE,gmaps-overlay
potential-2305,50.38313,-4.11709,HE,gmaps-overlay
potential-2306,50.38334,-4.1178,HE,gmaps-overlay
potential-2307,50.38343,-4.11852,HE,gmaps-overlay
potential-2308,50.38348,-4.11519,HE,gmaps-overlay
potential-2309,50.38101,-4.15177,HE,gmaps-overlay
potential-2310,50.38058,-4.15108,HE,gmaps-overlay
potential-2311,50.37906,-4.16573,HE,gmaps-overlay
potential-2315,50.37884,-4.16726,HE,gmaps-overlay
potential-2317,50.38084,-4.14973,HE,gmaps-overlay
potential-2319,50.38087,-4.14839,HE,gmaps-overlay
potential-2320,50.38297,-4.11397,HE,gmaps-overlay
potential-2321,50.38044,-4.14656,HE,gmaps-overlay
potential-2322,50.38153,-4.12817,HE,gmaps-overlay
potential-2324,50.37921,-4.15793,HE,gmaps-overlay
potential-2327,50.3777,-4.16033,HE,gmaps-overlay
potential-2328,50.37896,-4.16201,HE,gmaps-overlay
potential-2332,50.37749,-4.16238,HE,gmaps-overlay
potential-2334,50.382,-4.1146,HE,gmaps-overlay
potential-2335,50.38066,-4.11498,HE,gmaps-overlay
potential-2336,50.38125,-4.11482,HE,gmaps-overlay
potential-2337,50.37927,-4.15539,HE,gmaps-overlay
potential-2338,50.37767,-4.15644,HE,gmaps-overlay
potential-2339,50.37815,-4.15517,HE,gmaps-overlay
potential-2340,50.37929,-4.15458,HE,gmaps-overlay
potential-2341,50.37871,-4.15515,HE,gmaps-overlay
potential-2342,50.38061,-4.13,HE,gmaps-overlay
potential-2344,50.37796,-4.15271,HE,gmaps-overlay
potential-2346,50.37533,-4.15324,HE,gmaps-overlay
potential-2347,50.37641,-4.15893,HE,gmaps-overlay
potential-2348,50.37608,-4.15323,HE,gmaps-overlay
potential-2349,50.37649,-4.1572,HE,gmaps-overlay
potential-2352,50.37489,-4.15476,HE,gmaps-overlay
potential-2353,50.37858,-4.15261,HE,gmaps-overlay
potential-2355,50.37638,-4.15425,HE,gmaps-overlay
potential-2356,50.37606,-4.15805,HE,gmaps-overlay
potential-2357,50.37691,-4.15326,HE,gmaps-overlay
potential-2359,50.37598,-4.15197,HE,gmaps-overlay
potential-2360,50.37574,-4.15926,HE,gmaps-overlay
potential-2361,50.37568,-4.15434,HE,gmaps-overlay
potential-2363,50.37688,-4.15851,HE,gmaps-overlay
potential-2365,50.37829,-4.15157,HE,gmaps-overlay
potential-2367,50.37807,-4.14431,HE,gmaps-overlay
potential-2368,50.37745,-4.14386,HE,gmaps-overlay
potential-2369,50.3795,-4.14406,HE,gmaps-overlay
potential-2371,50.37905,-4.14468,HE,gmaps-overlay
potential-2373,50.37966,-4.13957,HE,gmaps-overlay
potential-2374,50.38096,-4.1218,HE,gmaps-overlay
potential-2377,50.37901,-4.13217,HE,gmaps-overlay
potential-2378,50.38013,-4.13156,HE,gmaps-overlay
potential-2379,50.37942,-4.1337,HE,gmaps-overlay
potential-2382,50.37732,-4.16502,HE,gmaps-overlay
potential-2384,50.37676,-4.16424,HE,gmaps-overlay
potential-2385,50.37784,-4.16523,HE,gmaps-overlay
potential-2386,50.3795,-4.13547,HE,gmaps-overlay
potential-2390,50.38133,-4.10974,HE,gmaps-overlay
potential-2391,50.3772,-4.16689,HE,gmaps-overlay
potential-2392,50.37667,-4.16659,HE,gmaps-overlay
potential-2393,50.37975,-4.12791,HE,gmaps-overlay
potential-2396,50.37767,-4.13963,HE,gmaps-overlay
potential-2397,50.37722,-4.13902,HE,gmaps-overlay
potential-2400,50.38047,-4.11055,HE,gmaps-overlay
potential-2402,50.37732,-4.15062,HE,gmaps-overlay
potential-2403,50.37726,-4.15136,HE,gmaps-overlay
potential-2404,50.37737,-4.14978,HE,gmaps-overlay
potential-2405,50.37863,-4.13061,HE,gmaps-overlay
potential-2406,50.37468,-4.18118,HE,gmaps-overlay
potential-2407,50.37519,-4.18147,HE,gmaps-overlay
potential-2408,50.37561,-4.1707,HE,gmaps-overlay
potential-2412,50.3773,-4.13703,HE,gmaps-overlay
potential-2413,50.37503,-4.16307,HE,gmaps-overlay
potential-2414,50.37595,-4.16279,HE,gmaps-overlay
potential-2415,50.37553,-4.16401,HE,gmaps-overlay
potential-2416,50.37439,-4.16279,HE,gmaps-overlay
potential-2417,50.37684,-4.1485,HE,gmaps-overlay
potential-2418,50.37514,-4.14736,HE,gmaps-overlay
potential-2421,50.37596,-4.1413,HE,gmaps-overlay
potential-2422,50.37435,-4.14686,HE,gmaps-overlay
potential-2424,50.37459,-4.14021,HE,gmaps-overlay
potential-2425,50.37427,-4.14853,HE,gmaps-overlay
potential-2430,50.37635,-4.14259,HE,gmaps-overlay
potential-2431,50.37469,-4.14559,HE,gmaps-overlay
potential-2434,50.37512,-4.14154,HE,gmaps-overlay
potential-2438,50.37377,-4.14756,HE,gmaps-overlay
potential-2439,50.37547,-4.14807,HE,gmaps-overlay
potential-2442,50.37363,-4.18359,HE,gmaps-overlay
potential-2443,50.37721,-4.13081,HE,gmaps-overlay
potential-2444,50.37345,-4.16014,HE,gmaps-overlay
potential-2445,50.37492,-4.15823,HE,gmaps-overlay
potential-2446,50.37398,-4.16031,HE,gmaps-overlay
potential-2447,50.37451,-4.15904,HE,gmaps-overlay
potential-2448,50.37524,-4.15759,HE,gmaps-overlay
potential-2450,50.37398,-4.13201,HE,gmaps-overlay
potential-2453,50.37427,-4.13031,HE,gmaps-overlay
potential-2455,50.37351,-4.1309,HE,gmaps-overlay
potential-2457,50.37591,-4.13314,HE,gmaps-overlay
potential-2459,50.37674,-4.13443,HE,gmaps-overlay
potential-2460,50.37445,-4.13114,HE,gmaps-overlay
potential-2461,50.37577,-4.14606,HE,gmaps-overlay
potential-2462,50.37724,-4.12422,HE,gmaps-overlay
potential-2463,50.37419,-4.16725,HE,gmaps-overlay
potential-2468,50.37694,-4.11995,HE,gmaps-overlay
potential-2469,50.37626,-4.12846,HE,gmaps-overlay
potential-2471,50.37568,-4.12786,HE,gmaps-overlay
potential-2472,50.3688,-4.13224,HE,gmaps-overlay
potential-2473,50.37138,-4.11938,HE,gmaps-overlay
potential-2474,50.37224,-4.1431,HE,gmaps-overlay
potential-2475,50.3746,-4.11976,HE,gmaps-overlay
potential-2477,50.37181,-4.13922,HE,gmaps-overlay
potential-2481,50.37082,-4.13564,HE,gmaps-overlay
potential-2483,50.3726,-4.12721,HE,gmaps-overlay
potential-2484,50.37011,-4.14056,HE,gmaps-overlay
potential-2485,50.37585,-4.11762,HE,gmaps-overlay
potential-2486,50.37467,-4.12197,HE,gmaps-overlay
potential-2487,50.37083,-4.13813,HE,gmaps-overlay
potential-2489,50.37187,-4.1364,HE,gmaps-overlay
potential-2492,50.37233,-4.11761,HE,gmaps-overlay
potential-2493,50.37044,-4.13091,HE,gmaps-overlay
potential-2494,50.37161,-4.14146,HE,gmaps-overlay
potential-2499,50.3732,-4.13856,HE,gmaps-overlay
potential-2501,50.37164,-4.12403,HE,gmaps-overlay
potential-2503,50.37369,-4.1547,HE,gmaps-overlay
potential-2508,50.37387,-4.13435,HE,gmaps-overlay
potential-2510,50.37156,-4.17803,HE,gmaps-overlay
potential-2514,50.37106,-4.17739,HE,gmaps-overlay
potential-2516,50.37052,-4.18234,HE,gmaps-overlay
potential-2517,50.37165,-4.18163,HE,gmaps-overlay
potential-2519,50.37246,-4.16568,HE,gmaps-overlay
potential-2520,50.37295,-4.15682,HE,gmaps-overlay
potential-2521,50.37333,-4.15274,HE,gmaps-overlay
potential-2522,50.37237,-4.15373,HE,gmaps-overlay
potential-2525,50.36872,-4.15121,HE,gmaps-overlay
potential-2526,50.36655,-4.14544,HE,gmaps-overlay
potential-2527,50.36287,-4.15339,HE,gmaps-overlay
potential-2529,50.36827,-4.15583,HE,gmaps-overlay
potential-2534,50.37248,-4.15034,HE,gmaps-overlay
potential-2535,50.36426,-4.15143,HE,gmaps-overlay
potential-2538,50.37147,-4.15008,HE,gmaps-overlay
potential-2540,50.36811,-4.15298,HE,gmaps-overlay
potential-2542,50.36278,-4.15495,HE,gmaps-overlay
potential-2545,50.36992,-4.15009,HE,gmaps-overlay
potential-2548,50.3655,-4.14581,HE,gmaps-overlay
potential-2550,50.36584,-4.14799,HE,gmaps-overlay
potential-2552,50.36627,-4.147,HE,gmaps-overlay
potential-2553,50.36513,-4.15089,HE,gmaps-overlay
potential-2554,50.36998,-4.18418,HE,gmaps-overlay
potential-2555,50.37343,-4.12938,HE,gmaps-overlay
potential-2558,50.3698,-4.14655,HE,gmaps-overlay
potential-2559,50.36975,-4.14804,HE,gmaps-overlay
potential-2560,50.3721,-4.14564,HE,gmaps-overlay
potential-2563,50.37024,-4.14737,HE,gmaps-overlay
potential-2564,50.37143,-4.14568,HE,gmaps-overlay
potential-2566,50.37107,-4.15506,HE,gmaps-overlay
potential-2567,50.37005,-4.16933,HE,gmaps-overlay
potential-2568,50.36756,-4.17912,HE,gmaps-overlay
potential-2569,50.36833,-4.18087,HE,gmaps-overlay
potential-2572,50.36887,-4.18016,HE,gmaps-overlay
potential-2573,50.36838,-4.17858,HE,gmaps-overlay
potential-2574,50.36966,-4.15268,HE,gmaps-overlay
potential-2576,50.37014,-4.15342,HE,gmaps-overlay
potential-2577,50.37074,-4.15348,HE,gmaps-overlay
potential-2578,50.3699,-4.15599,HE,gmaps-overlay
potential-2579,50.36945,-4.15371,HE,gmaps-overlay
potential-2580,50.36978,-4.15461,HE,gmaps-overlay
potential-2581,50.36537,-4.16261,HE,gmaps-overlay
potential-2583,50.36716,-4.16722,HE,gmaps-overlay
potential-2584,50.36932,-4.15919,HE,gmaps-overlay
potential-2586,50.36802,-4.1631,HE,gmaps-overlay
potential-2592,50.36686,-4.16606,HE,gmaps-overlay
potential-2593,50.36709,-4.16352,HE,gmaps-overlay
potential-2594,50.36888,-4.16024,HE,gmaps-overlay
potential-2596,50.3672,-4.16483,HE,gmaps-overlay
potential-2597,50.3691,-4.16135,HE,gmaps-overlay
potential-2598,50.3693,-4.16384,HE,gmaps-overlay
potential-2599,50.36788,-4.16088,HE,gmaps-overlay
potential-2603,50.36783,-4.1654,HE,gmaps-overlay
potential-2604,50.36648,-4.16472,HE,gmaps-overlay
potential-2608,50.36628,-4.16309,HE,gmaps-overlay
potential-2614,50.36825,-4.17102,HE,gmaps-overlay
potential-2616,50.36879,-4.16868,HE,gmaps-overlay
potential-2618,50.36951,-4.16835,HE,gmaps-overlay
potential-2620,50.37256,-4.11436,HE,gmaps-overlay
potential-2624,50.37029,-4.14474,HE,gmaps-overlay
potential-2625,50.36706,-4.17452,HE,gmaps-overlay
potential-2626,50.36705,-4.17635,HE,gmaps-overlay
potential-2630,50.36911,-4.13548,HE,gmaps-overlay
potential-2632,50.36636,-4.17277,HE,gmaps-overlay
potential-2638,50.36805,-4.12578,HE,gmaps-overlay
potential-2641,50.36858,-4.12521,HE,gmaps-overlay
potential-2642,50.36794,-4.12477,HE,gmaps-overlay
potential-2644,50.36814,-4.11957,HE,gmaps-overlay
potential-2645,50.3676,-4.11932,HE,gmaps-overlay
potential-2646,50.36835,-4.11834,HE,gmaps-overlay
potential-2648,50.36773,-4.11799,HE,gmaps-overlay
potential-2651,50.36561,-4.17568,HE,gmaps-overlay
potential-2653,50.36898,-4.1227,HE,gmaps-overlay
potential-2655,50.36544,-4.17091,HE,gmaps-overlay
potential-2656,50.36767,-4.13477,HE,gmaps-overlay
potential-2657,50.36819,-4.12835,HE,gmaps-overlay
potential-2658,50.36681,-4.13208,HE,gmaps-overlay
potential-2659,50.3677,-4.13027,HE,gmaps-overlay
potential-2660,50.36574,-4.13126,HE,gmaps-overlay
potential-2661,50.36583,-4.1328,HE,gmaps-overlay
potential-2663,50.36766,-4.13152,HE,gmaps-overlay
potential-2664,50.36799,-4.12917,HE,gmaps-overlay
potential-2665,50.36698,-4.13084,HE,gmaps-overlay
potential-2666,50.36484,-4.16844,HE,gmaps-overlay
potential-2667,50.36428,-4.16907,HE,gmaps-overlay
potential-2669,50.36585,-4.15561,HE,gmaps-overlay
potential-2670,50.36439,-4.1536,HE,gmaps-overlay
potential-2671,50.36512,-4.15497,HE,gmaps-overlay
potential-2673,50.36476,-4.15442,HE,gmaps-overlay
potential-2674,50.36363,-4.18003,HE,gmaps-overlay
potential-2676,50.36673,-4.134,HE,gmaps-overlay
potential-2679,50.3643,-4.16444,HE,gmaps-overlay
potential-2680,50.36345,-4.17046,HE,gmaps-overlay
potential-2681,50.36306,-4.16999,HE,gmaps-overlay
potential-2682,50.36385,-4.17078,HE,gmaps-overlay
potential-2685,50.36573,-4.11916,HE,gmaps-overlay
potential-2689,50.36456,-4.12161,HE,gmaps-overlay
potential-2690,50.36542,-4.12721,HE,gmaps-overlay
potential-2692,50.3655,-4.12792,HE,gmaps-overlay
potential-2693,50.36337,-4.14573,HE,gmaps-overlay
potential-2695,50.3637,-4.14817,HE,gmaps-overlay
potential-2696,50.36305,-4.14687,HE,gmaps-overlay
potential-2697,50.36383,-4.14459,HE,gmaps-overlay
potential-2700,50.36426,-4.14844,HE,gmaps-overlay
potential-2701,50.36456,-4.12943,HE,gmaps-overlay
potential-2704,50.36126,-4.15538,HE,gmaps-overlay
potential-2705,50.40887,-4.14402,incendiary,gmaps-overlay
potential-2706,50.41162,-4.08066,incendiary,gmaps-overlay
potential-2707,50.41187,-4.07984,incendiary,gmaps-overlay
potential-2708,50.40261,-4.16549,incendiary,gmaps-overlay
potential-2709,50.40001,-4.17061,incendiary,gmaps-overlay
potential-2710,50.39753,-4.18832,incendiary,gmaps-overlay
potential-2711,50.39689,-4.18795,incendiary,gmaps-overlay
potential-2712,50.39681,-4.18973,incendiary,gmaps-overlay
potential-2714,50.39741,-4.14953,incendiary,gmaps-overlay
potential-2715,50.39555,-4.17059,incendiary,gmaps-overlay
potential-2717,50.39158,-4.13468,incendiary,gmaps-overlay
potential-2718,50.39097,-4.13355,incendiary,gmaps-overlay
potential-2719,50.39265,-4.09005,incendiary,gmaps-overlay
potential-2720,50.38908,-4.13402,incendiary,gmaps-overlay
potential-2721,50.38735,-4.15315,incendiary,gmaps-overlay
potential-2723,50.38865,-4.12448,incendiary,gmaps-overlay
potential-2724,50.38857,-4.12543,incendiary,gmaps-overlay
potential-2725,50.38629,-4.13654,incendiary,gmaps-overlay
potential-2726,50.38542,-4.13253,incendiary,gmaps-overlay
potential-2727,50.3859,-4.12985,incendiary,gmaps-overlay
potential-2728,50.38613,-4.13249,incendiary,gmaps-overlay
potential-2729,50.38597,-4.13114,incendiary,gmaps-overlay
potential-2730,50.38512,-4.14002,incendiary,gmaps-overlay
potential-2732,50.38476,-4.1384,incendiary,gmaps-overlay
potential-2733,50.38528,-4.12816,incendiary,gmaps-overlay
potential-2734,50.38659,-4.10888,incendiary,gmaps-overlay
potential-2735,50.38376,-4.14514,incendiary,gmaps-overlay
potential-2736,50.38393,-4.13034,incendiary,gmaps-overlay
potential-2737,50.38343,-4.1298,incendiary,gmaps-overlay
potential-2738,50.38303,-4.14255,incendiary,gmaps-overlay
potential-2739,50.38219,-4.1459,incendiary,gmaps-overlay
potential-2740,50.38407,-4.11145,incendiary,gmaps-overlay
potential-2741,50.38102,-4.14424,incendiary,gmaps-overlay
potential-2742,50.38419,-4.08334,incendiary,gmaps-overlay
potential-2744,50.38385,-4.08443,incendiary,gmaps-overlay
potential-2745,50.38048,-4.12869,incendiary,gmaps-overlay
potential-2746,50.38329,-4.08437,incendiary,gmaps-overlay
potential-2747,50.38287,-4.08256,incendiary,gmaps-overlay
potential-2758,50.37548,-4.12293,incendiary,gmaps-overlay
potential-2759,50.373,-4.14488,incendiary,gmaps-overlay
potential-2761,50.37016,-4.17355,incendiary,gmaps-overlay
potential-2763,50.36615,-4.17714,incendiary,gmaps-overlay
potential-2764,50.36617,-4.17624,incendiary,gmaps-overlay
potential-2765,50.36556,-4.17681,incendiary,gmaps-overlay
potential-2766,50.36853,-4.12947,incendiary,gmaps-overlay
potential-2767,50.36801,-4.12703,incendiary,gmaps-overlay
potential-2768,50.36476,-4.14859,incendiary,gmaps-overlay
potential-2770,50.36409,-4.14656,incendiary,gmaps-overlay
potential-2771,50.41456,-4.12187,unknown,gmaps-overlay
potential-2772,50.41438,-4.12274,unknown,gmaps-overlay
potential-2774,50.40978,-4.14742,unknown,gmaps-overlay
potential-2775,50.40928,-4.14803,unknown,gmaps-overlay
potential-2776,50.41139,-4.09736,unknown,gmaps-overlay
potential-2777,50.41085,-4.09794,unknown,gmaps-overlay
potential-2779,50.39986,-4.19139,unknown,gmaps-overlay
potential-2781,50.39722,-4.14141,unknown,gmaps-overlay
potential-2782,50.39679,-4.14109,unknown,gmaps-overlay
potential-2783,50.3964,-4.14169,unknown,gmaps-overlay
potential-2784,50.39322,-4.1668,unknown,gmaps-overlay
potential-2785,50.39734,-4.09612,unknown,gmaps-overlay
potential-2786,50.39132,-4.18069,unknown,gmaps-overlay
potential-2788,50.39673,-4.09372,unknown,gmaps-overlay
potential-2789,50.39667,-4.09291,unknown,gmaps-overlay
potential-2790,50.39654,-4.09624,unknown,gmaps-overlay
potential-2791,50.39593,-4.09343,unknown,gmaps-overlay
potential-2792,50.38797,-4.17019,unknown,gmaps-overlay
potential-2793,50.3919,-4.09079,unknown,gmaps-overlay
potential-2794,50.38339,-4.17772,unknown,gmaps-overlay
potential-2799,50.38023,-4.13443,unknown,gmaps-overlay
potential-2801,50.37477,-4.19941,unknown,gmaps-overlay
potential-2803,50.37471,-4.20016,unknown,gmaps-overlay
potential-2806,50.36986,-4.17801,unknown,gmaps-overlay
potential-2807,50.36666,-4.17911,unknown,gmaps-overlay
potential-2808,50.36463,-4.17601,unknown,gmaps-overlay
potential-2809,50.36888,-4.10624,unknown,gmaps-overlay
potential-2810,50.36824,-4.10644,unknown,gmaps-overlay
potential-2811,50.36336,-4.15961,unknown,gmaps-overlay
potential-2812,50.36276,-4.15935,unknown,gmaps-overlay
potential-2813,50.36293,-4.14978,unknown,gmaps-overlay
potential-2815,50.36184,-4.15223,unknown,gmaps-overlay
